명소 이름,개요,주소,Latitude,Longitude,문의,주차장,화장실,추천코스,전체코스,추천계절,휴무일,관람료,보조기기 대여,편의/부대시설,해설사,추천 대상,이동약자를 위한 안내
가문동 해안길,"아름다운 해안 길을 따라 여유를 가지며 산책을 즐기기에도 좋고, 드라이브 코스로도 추천 하고싶은 코스이다. 가문동 설천유래를 알 수 있는 해안가 벽화를 감상하며 산책하기도 좋고, 바다와 함께 보이는 한라산 뷰, 낚시를 즐기는 사람들을 보고 있으면, 제주의 여유로움을 한층 더 느낄 수 있게 해주는 곳이다.","제주 제주시 애월읍 하귀2리 2696-1 - 내비게이션에 ‘가문동 포구’ 입력 - 제주공항에서 11.7km 위치, 약 20분 소요",33.4853529,126.3931115,,"장애인 주차장 유무: 없음, 장애인 주차 대수: -, 위치: 제주 제주시 애월읍 하귀2리 2696-1","장애인 화장실: 없음, 구분: -, 위치: 제주 제주시 애월읍 하귀2리 2729-1, 주변(대체)화장실: 하귀 하나로마트 화장실",1. 주차장(가문동 포구 공터) → 2. 가문동항 북방파제 등대 → 3. 가문동 설촌유래 벽화 → 4. 큰물도  → 5. 용암바위  → 6. 갈대길,1. 주차장(가문동 포구 공터) → 2. 가문동항 북방파제 등대 → 3. 가문동 설촌유래 벽화 → 4. 큰물도  → 5. 용암바위  → 6. 갈대길,"봄, 여름, 가을, 겨울, ●, ●, ●, ●",연중무휴,없음,없음,없음,없음,"지적장애인: ●, 동행인 / 보호자 동반 추천, 휠체어 이용인(수동): ●, 동행인 / 보호자 동반 추천, 휠체어 이용인(전동): ●, 보행가능한 지체장애인: ●, 청각장애인: ●, 시각장애인: ●, 동행인 / 보호자 동반 추천",
검은여쉼터 & 검은여로,"올레 6코스에 해당하는 길로 잘 닦긴 시멘트 길과 남쪽 제주 바다의 색다른 정취를 감상할 수 있으며, 한눈에 들어오는 섶섬과 문섬의 풍경이 장관을 이루는 곳이다. 또 한 검은 현무암 빌레에 부딪치는 파도 소리를 듣는 재미가 있다.","제주 서귀포시 보목동 1443 - 내비게이션 ‘백록정’ 입력 - 제주공항에서 43.3km 위치, 약 1시간 10분 소요",33.2439671,126.5888219,,"장애인 주차장 유무: 없음, 장애인 주차 대수: -, 위치: 백록정 옆 공터 이용 (제주 서귀포시 보목동 1443)","장애인 화장실: 없음, 구분: -, 위치: -, 주변(대체)화장실: 정방폭포 공중화장실 (제주 서귀포시 동홍동 299-3)",1. 주차장 → 2. 겡이 우체통 쉼터 → 3. 문섬 전망 뷰포인트 → 4. 좌측 섶섬 전망 뷰포인트 → 5. 폭포 포토스팟 → 6. 오르막(휠체어 반환점),1. 주차장 → 2. 겡이 우체통 쉼터 → 3. 문섬 전망 뷰포인트 → 4. 좌측 섶섬 전망 뷰포인트 → 5. 폭포 포토스팟→ 6. 오르막(휠체어 반환점) → 7. 검은여쉼터,"봄, 여름, 가을, 겨울, ●, ●, ●, ●",연중무휴,없음,없음,없음,없음,"지적장애인: ●, 동행인 / 보호자 동반 추천, 휠체어 이용인(수동): ●, 동행인 / 보호자 동반 추천, 휠체어 이용인(전동): ●, 보행가능한 지체장애인: ●, 청각장애인: ●, 시각장애인: ●, 동행인 / 보호자 동반 추천",
곤을동환해장성길,"제주의 돌담길이자 해안 길을 이어 놓은 곳으로, 해안 길을 따라 쌓여진 돌담길을 볼 수 있다. 4.3사건의 역사와 함께 과거 외적의 침입을 막기 위해 현무암으로 높게 쌓아 만들어진 환해장성을 볼 수 있고, 옛 제주의 풍경을 간직하고 있는 곤을동 마을도 찾아 볼 수 있다. 작고 좁은 마을길을 따라 걸으며 조용하게 여유를 즐기며 추억을 만들어 가기 좋은 곳이다.","제주 제주시 곤을길 23 - 내비게이션에 ‘목마가든’(제주시 곤을길 23) 입력 - 제주공항에서 9.1km 위치, 약 22분 소요",33.5231769,126.5594037,,"장애인 주차장 유무: 없음, 장애인 주차 대수: -, 위치: 제주시 곤을길 23(목마가든) 근처 공터 주차장","장애인 화장실: -, 구분: -, 위치: 화북포구 공중화장실 (제주 제주시 화북일동 4269-11), 주변(대체)화장실: -","1. (목마가든)공터 (정자) → 2. 곤을동 환해장성 표지판 → 3. 별도봉, 산지등대 전망, (길이 끝남) 문화재보호타운, 돌길로 연결되어 있음 → 4. 전통 올레길 → 5. 기수갈고둥표지판 → 6. 등대 뷰 포인트 → 7. 4.3유적지 곤을동","1. (목마가든)공터 (정자) → 2. 곤을동 환해장성 표지판 → 3. 별도봉, 산지등대 전망, (길이 끝남) 문화재보호타운, 돌길로 연결되어 있음 → 4. 전통 올레길 → 5. 기수갈고둥표지판 → 6. 등대 뷰 포인트 → 7. 4.3 유적지 곤을동 마을 터 → 8. 잃어버린 마을 곤을동 마을터 → 9. 제주바당길(비장애 첫 번째 반환점) → 10. 환해장성 → 11. 화북포구 초입, 주차 가능 공터(두 번째 반환점, 종료점)","봄, 여름, 가을, 겨울, ●, ●, ●, ●",연중무휴,없음,없음,없음,없음,"지적장애인: ●, 동행인 / 보호자 동반 추천, 휠체어 이, 휠체어 이용인(수동): , 휠체어 이용인(전동): , 보행 가능한 지체장애인: , 청각장애인: , 시각장애인: ",
공천포구와 넙빌레,"공천 포구에 들려 바다뷰를 감상하고 몽돌 방파제를 따라 지귀도의 풍경과 함께 바다를 가까이에서 산책할 수 있는 곳이다. 넙빌레에는 야영장이 있으며 예쁜 포토존이 자리 잡고 있다. 전체적인 코스의 노면은 시멘트 포장길이 되어 있고, 평탄하여 접근성이 좋다.","제주 서귀포시 남원읍 신례리 공천포구 - 내비게이션에 ‘공천포구’ 입력  - 제주공항에서 47km 위치, 약 1시간 2분 소요",33.2631835,126.641713,,"장애인 주차장 유무: 없음, 장애인 주차 대수: -, 위치: 공천포구 주차장 (제주 서귀포시 남원읍 공천포로 39)","장애인 화장실: 없음, 구분: -, 위치: -, 주변(대체)화장실: 공천포 전지훈련센터 (제주 서귀포시 남원읍 신례리 335)","1. 공천포구 주차장 → 2. 포구 쉼터 → 3. 몽돌 방파제 둑 해안 산책로 → 4. 넙빌레교 → 5. 조형물, 포토스팟 → 6. 넙빌레 올레 5코스 표지판","1. 공천포구 주차장 → 2. 포구 쉼터 → 3. 몽돌 방파제 둑 해안 산책로 → 4. 넙빌레교 → 5. 조형물, 포토스팟 → 6. 넙빌레 올레 5코스 표지판","봄, 여름, 가을, 겨울, ●, ●, ●, ●",연중무휴,없음,없음,없음,없음,"지적장애인: ●, 동행인 / 보호자 동반 추천, 휠체어 이용인(수동): ●, 동행인 / 보호자 동반 추천, 휠체어 이용인(전동): ●, 보행 가능한 지체장애인: ●, 청각장애인: ●, 시각장애인: ●, 동행인 / 보호자 동반 추천",
귀덕 해안길,곽지해수욕장 근처에 있는 귀덕궤물동산을 시작으로 귀덕해안을 감상할 수 있는 코스이다. 귀덕궤물동산은 곽지해수욕장 근처에 있는 작은 언덕으로 궤는 땅 속으로 파인 작은 바위굴을 말한다. 벽화가 그려진 해안 담을 따라 걸으며 벽화와 바다를 함께 감상하고 포토스팟에서 사진을 남길 수 있다.,"제주 제주시 한림읍 귀덕9길 21-1 - 내비게이션에 ‘귀덕궤물동산’ 입력 - 제주공항에서 22.6km 위치, 약 31분 소요",33.4425426,126.289524,,"장애인 주차장 유무: 없음, 장애인 주차 대수: -, 위치: 귀덕궤물동산 공터","장애인 화장실: 없음, 구분: -, 위치: -, 주변(대체)화장실: 곽지해수욕장 화장실 (제주 제주시 애월읍 곽지리 1566)",1. 공터(주차장) → 2. 궤물동산 → 3. 해안길 → 4. 정자(전망대) → 5. 구쟁기이야기 다리 위 포토존→ 6. 한수풀 해녀학교 → 7. 진질개 도대불,1. 공터(주차장) → 2. 궤물동산 → 3. 해안길 → 4. 정자(전망대) → 5. 구쟁기이야기 다리 위 포토존→ 6. 한수풀 해녀학교 → 7. 진질개 도대불,"봄, 여름, 가을, 겨울, ●, ●, ●, ●",연중무휴,없음,없음,없음,없음,"지적장애인: ●, 동행인 / 보호자 동반 추천, 휠체어 이용인(수동): ●, 동행인 / 보호자 동반 추천, 휠체어 이용인(전동): ●, 보행가능한 지체장애인: ●,  청각장애인: ●, 시각장애인: ●, 동행인 / 보호자 동반 추천",
귀덕마을길(리사무소-라신동),"귀덕2리의 용천수인 나신물(굼둘애기물)이 있으며, KT 기적의도로 광고 촬영지인 굼둘애기물 앞 인어상에서 사진을 남길 수 있다. 해안담을 따라 걸으며 제주의 풍경과 해녀 벽화를 감상하고, 귀덕향토길을 따라 마을길을 탐방할 수 있다.","제주 제주시 한림읍 귀덕3길 44 - 내비게이션에 ‘귀덕2리사무소’ 입력 - 제주공항에서 23.6km 위치, 약 38분 소요",33.4415635,126.2793498,,"장애인 주차장 유무: 없음, 장애인 주차 대수: -, 위치: 귀덕2리사무소","장애인 화장실: -, 구분: -, 위치: -, 주변(대체)화장실: 곽지해수욕장 화장실 (제주 제주시 애월읍 곽지리 1566)",1. 귀덕2리 사무소 → 2. 오션뷰 포인트 → 3. 쉼터(정자) → 4. 오션뷰 포인트(조형물) → 5. 정자 → 6. 부표밭담길,1. 귀덕2리 사무소 → 2. 오션뷰 포인트 → 3. 쉼터(정자) → 4. 오션뷰 포인트(조형물) → 5. 정자 → 6. 부표밭담길,"봄, 여름, 가을, 겨울, ●, ●, ●, ●",연중무휴,없음,없음,없음,없음,"지적장애인: ●, 동행인 / 보호자 동반 추천, 휠체어 이용인(수동): ●, 동행인 / 보호자 동반 추천, 휠체어 이용인(전동): ●, 보행가능한 지체장애인: ●,  청각장애인: ●, 시각장애인: ●, 동행인 / 보호자 동반 추천",
"금악리, 골목식당 투어","SBS 골목식당 지역 경제 살리기 프로젝트의 촬영지로 이색적인 4개의 식당을 이용할 수 있으며, 풍경이 아름다운 금오름과 4분 거리에 있는 금악리 마을에 위치하여 있다.","제주 제주시 한림읍 금악리 2133-1 네비게이션 ‘금악리새마을회 전기차충전소’ 검색 제주공항 32.9km 위치, 42분 소요",33.3598945,126.2949035,,"장애인 주차장 유무: 없음, 장애인 주차 대수: -, 위치: 금악리새마을회 전기자동차충전소 (제주 제주시 한림읍 금악리 2133-1)","장애인 화장실: 있음, 구분: 남녀구분, 위치: 상명리 복지회관 1층 (제주 제주시 한림읍 상명1길 16-1), 주변(대체)화장실: -","주차장 → 2. 궤동산 → 3. 골목식당(꿀봉, 아니따 파스타)/(치꼬, 똣똣라면)   → 4. 금악리 마을 산책로(금악보건소 정류장 맞은편) → 5. 벵듸못 → 6. 금악리 복지회관","1. 주차장 → 2. 궤동산 → 3. 골목식당(꿀봉, 아니따 파스타)/(치꼬, 똣똣라면)   → 4. 금악리 마을 산책로(금악보건소 정류장 맞은편) → 5. 벵듸못 → 6. 금악리 복지회관 → 7. 금오름","봄, 여름, 가을, 겨울, ●, ●, ●, ●","아니따 파스타 : 매주 화요일 휴무, 꿀봉 : 매주 월요일 휴무, 똣똣라면 : 매주 수요일 휴무",없음,없음,없음,없음,"지적장애인: ●, 동행인 / 보호자 동반 추천, 휠체어 이용인(수동): ●, 동행인 / 보호자 동반 추천, 휠체어 이용인(전동): ●, 보행가능한 지체장애인: ●,  청각장애인: ●, 시각장애인: ●, 동행인 / 보호자 동반 추천",
김녕항길과 윤씨하르방쉼터,"김녕항에서는 맑고 푸른 바다와 다양한 기암절벽의 조화로운 모습을 볼 수 있다. 서방파제는 요트 계류장과 국제요트학교가 있어 요트 체험을 즐기기에도 적당한 곳이다. 동방파제 인근에서는 해안선과 함께 해안가 마을, 제주의 오름을 사진으로 남길 수 있다.","제주 제주시 구좌읍 김녕항1길 50-11 - 내비게이션에 ‘김녕항 수산문화복합센터’ 입력 - 제주공항에서 27.5km 위치, 약 50분 소요",33.5581302,126.7402139,,"장애인 주차장 유무: 있음, 장애인 주차 대수: 1, 위치: 김녕항 수산문화복합센터 (제주 제주시 구좌읍 김녕항1길 50-11)","장애인 화장실: 있음, 구분: 남녀구분, 위치: 김녕항 해녀장터쉼터, 주변(대체)화장실: -",1. 주차장 → 2. 돌고래 다리 → 3. 해안로 → 4. 원담 용천수 → 5. 로즈마리 길 → 6. 아기해녀상(반환점),1. 주차장 → 2. 돌고래 다리 → 3. 해안로 → 4. 원담 용천수 → 5. 로즈마리 길 → 6. 아기해녀상(반환점) → 7. 도대불 쉼터 → 8. 전망대 → 9. 김녕 정원쉼터 → 10. 안내표지판 → 11. 등대,"봄, 여름, 가을, 겨울, ●, -, ●, -",연중무휴,없음,없음,없음,없음,"지적장애인: ●, 동행인 / 보호자 동반 추천, 휠체어 이용인(수동): ●, 동행인 / 보호자 동반 추천, 휠체어 이용인(전동): ●, 보행가능한 지체장애인: ●,  청각장애인: ●, 시각장애인: ●, 동행인 / 보호자 동반 추천",
난미밭담길,"‘난미’는 ‘난야리’, ‘난뫼’와 함께 난산리를 불렀던 옛 명칭으로 난산리는 토질이 비옥하여 농업을 주업으로 삼았기 때문에 옛 밭담의 풍경을 잘 간직하고 있는 마을이다. 난미밭담길은 잘 보존된 옛 밭담을 감상하고 그 정취를 느낄 수 있는 코스이다.","제주 서귀포시 성산읍 난산로41번길 39-7 - 내비게이션 ‘다란카페’ 입력 - 제주공항에서 42.7km 위치, 약 1시간 8분 소요",33.3985695,126.8684726,,"장애인 주차장 유무: 없음, 장애인 주차 대수: -, 위치: 다란카페 (제주 서귀포시 성산읍 난산로41번길 39-7)","장애인 화장실: 없음, 구분: -, 위치: -, 주변(대체)화장실: 신산청소년문화의집 (제주 서귀포시 성산읍 신천리 1)",주차장 (난산 셀프휴게소(다란카페)) → 2. 서당골길 → 3. 난산리 다방(카페) 앞 삼거리 → 4.  밭담길 이정표를 따라 산책 → 5. 난산 셀프휴게소,1. 주차장 (난산 셀프휴게소(다란카페)) → 2. 서당골길 → 3. 난산리 다방(카페) → 4.  삼거리 밭담길 이정표를 따라 산책 → 5. 면의모루 →  6. 난산리 큰집 민박 → 7. 난산 보건진료소 → 8. 다담 카페& 게스트하우스 → 9. 난산리사무소 정류장 → 10. 난산 셀프휴게소,"봄, 여름, 가을, 겨울, ●, ●, ●, ●",연중무휴,없음,없음,없음,없음,"지적장애인: ●, 동행인 / 보호자 동반 추천, 휠체어 이용인(수동): ●, 동행인 / 보호자 동반 추천, 휠체어 이용인(전동): ●, 보행가능한 지체장애인: ●,  청각장애인: ●, 시각장애인: ●, 동행인 / 보호자 동반 추천",
농업생태원,"서귀포 농업기술센터는 감귤 생산기술 농업기술, 감귤, 아열대과수, 채소, 화훼, 식량, 특용작물 등을 연구하고 감귤 농업인을 지원하는 곳이며, 감귤홍보전시관, 금물과원, 감귤품종 전시홍보관, 감귤 숲길, 녹차원, 제다원, 미로원, 감귤따기 체험장 등이 있다.","제주 서귀포시 남원읍 중산간동로 7415 - 내비게이션 ‘서귀포농업기술센터’ 입력 - 제주공항 38.3km 위치, 약 56분 소요",33.288095,126.60703,,"장애인 주차장 유무: 있음, 장애인 주차 대수: 4, 위치: 농업기술센터 전기차충전소 (제주 서귀포시 남원읍 하례리 1558)","장애인 화장실: 있음, 구분: 남녀구분, 위치: 천연염색 야외 체험장 맞은편 야외 화장실 (제주 서귀포시 남원읍 중산간동로 7433-23), 주변(대체)화장실: -",1. 주차장. → 2. 제주 농업생태원 입구. → 3. 금물과원. → 4. 감귤품종전시온실 5. 감귤숲길. → 6. 아열대 하우스. → 7. LOVE 포토스팟. → 8. 천연염색체험장. → 9. 천연염색야외염색장. → 10. 제다원. → 11. 종합전시포. → 12. 분수대. → 13. 감귤홍보관,1. 주차장. → 2. 제주 농업생태원 입구. → 3. 금물과원. → 4. 감귤품종전시온실 5. 감귤숲길. → 6. 아열대 하우스. → 7. LOVE 포토스팟. → 8. 천연염색체험장. → 9. 천연염색야외염색장. → 10. 미로공원. → 11. 제다원. → 12. 전국의 돌전시장. → 13. 감귤따기 체험장. → 14. 잔디광장. → 15. 돌하루방 포토스팟. → 16. 생태늪. → 17. 종합전시포. → 18. 분수대. → 19. 감귤홍보관.,"봄, 여름, 가을, 겨울, ●, ●, ●, ●","입장마감시간: 16:00, 점심시간 12:00 ~ 13:00",없음,없음,없음,있음,"지적장애인: ●, 동행인 / 보호자 동반 추천, 휠체어 이용인(수동): ●, 동행인 / 보호자 동반 추천, 휠체어 이용인(전동): ●, 보행가능한 지체장애인: ●,  청각장애인: ●, 시각장애인: ●, 동행인 / 보호자 동반 추천",
대문없는 마을 상명 정낭마을,"행정안전부 지정의 정보화 마을로 최근 주목받고 있는 상명 정낭마을에서는 ‘제주 속의 제주’를 느낄 수 있다. 대문이 없는 마을로 제주의 옛 정취를 느낄 수 있고, 곳곳의 마을 벽화와 주변 오름과 풍차가 보이는 마을길 산책로는 여행의 추억거리가 될 것이다. 뿐만 아니라 주말 체험 여행으로 오름 체험, 농장 체험, 레포츠 체험이 가능하다.","제주 제주시 한림읍 상한로 4 - 내비게이션에 ‘상명정낭 문화공간’ 입력 - 제주공항에서 34.4km 위치, 약 44분 소요",33.3579583,126.2741947,,"장애인 주차장 유무: 없음, 장애인 주차 대수: -, 위치: 상명정낭 문화공간","장애인 화장실: , 구분: , 위치: , 주변(대체)화장실: ","1. 주차장(상명정낭문화공간) → 2. 꽃길(비닐하우스, 담벼락위 다육이들) → 3. 원철오빠와 정선이 벽화 → 4.정자 쉼터 → 5.정낭(제주 전통 올레) → 6.주차장(상명정낭문화공간)","1. 주차장(상명정낭문화공간) → 2. 꽃길(비닐하우스, 담벼락위 다육이들) → 3. 원철오빠와 정선이 벽화 → 4.정자 쉼터 → 5.정낭(제주 전통 올레) → 6.포제단 → 7.주차장(상명정낭문화공간)","봄, 여름, 가을, 겨울, ●, -, ●, ●",연중무휴,없음,없음,없음,없음,"지적장애인: ●, 동행인 / 보호자 동반 추천, 휠체어 이용인(수동): ●, 동행인 / 보호자 동반 추천, 휠체어 이용인(전동): ●, 보행가능한 지체장애인: ●,  청각장애인: ●, 시각장애인: ●, 동행인 / 보호자 동반 추천",
도두봉공원 산책로,"도두봉은 제주공항 북쪽 도두동 해안가에 위치해 있으며, 비교적 자그마한 오름이지만 동백나무로 드리운 해안 산책로를 거닐며 도두항과 주변 바다의 풍경을 관람할 수 있다. 또한, 바다 위 조랑말 모형의 쌍둥이 등대와 함께 일몰이나 일출 명소로 손꼽히고 있다. ","제주 제주시 도두일동 산2 도두봉공원 - 내비게이션에 ‘제주시 서해안로 228’ 입력후 맞은편 주차장 이용 - 제주공항에서 5.5m 위치, 약 10분 소요",33.508095,126.468593,,"장애인 주차장 유무: 없음, 장애인 주차 대수: -, 위치: 도두동 입구 공터 주차장 (제주 제주시 서해안로 228 맞은편)","장애인 화장실: 있음, 구분: 남녀구분, 위치: 도두봉섬머리공중화장실 (제주 제주시 서해안로 197), 주변(대체)화장실: -",1.주차장 → 2. 도두봉 산책로 → 3. 전망대 → 4.도두봉산책로-체력단련장 → 5. 장안사 → 6. 주차장,1.주차장 → 2. 도두봉 산책로 → 3. 전망대 → 4.도두봉산책로-체력단련장 → 5. 장안사 → 6. 진지동굴 → 7. 주차장,"봄, 여름, 가을, 겨울, ●, ●, ●, ●",연중무휴,없음,없음,없음,없음,"지적장애인: ●, 동행인 / 보호자 동반 추천, 휠체어 이용인(수동): ●, 동행인 / 보호자 동반 추천, 휠체어 이용인(전동): ●, 보행가능한 지체장애인: ●, 동행인 / 보호자 동반 추천, 청각장애인: ●, 시각장애인: ●",
도두추억애거리 & 도두등대,제주올레길 17코스가 지나가는 곳으로 도두항 부근에서 시작하여 방파제를 따라 해안 길을 걸으며 바다를 감상할 수 있고 부두와 등대 그리고 길 중간중간 친근한 조형물이 배치되어 사진을 찍기 좋은 곳이다.,"제주 제주시 도두1동 추억애거리 - 내비게이션에 ‘제주시 도두일동 2630’ 입력 - 제주공항에서 5.2km 위치, 약 10분 소요",33.5104135,126.4913534,,"장애인 주차장 유무: 유, 장애인 주차 대수: 2, 위치: 제주 제주시 도두일동 2630","장애인 화장실: 유, 구분: 남녀공용, 위치: 오래물 광장 주차장 안 (서해안로 170), 주변(대체)화장실: -",1. 장애인 주차장 → 2. 무지개 거리 → 3. 도두항교 → 4. 도두항 유람선 선착장 → 5. 도두 방파제 → 6. 추억애거리,1. 장애인 주차장 → 2. 무지개 거리 → 3. 도두항교 → 4. 도두항 유람선 선착장 → 5. 도두 방파제 → 6. 추억애거리,"봄, 여름, 가을, 겨울, ●, ●, ●, ●",연중무휴,없음,없음,없음,없음,"지적장애인: ●, 동행인 / 보호자 동반 추천, 휠체어 이용인(수동): ●, 동행인 / 보호자 동반 추천, 휠체어 이용인(전동): ●, 보행가능한 지체장애인: ●,  청각장애인: ●, 시각장애인: ●, 동행인 / 보호자 동반 추천",
돔베낭골 (올레7코스),"제주 앞바다의 여러 섬들을 구경할 수 있는 돔베낭골에서는 반짝거리는 바다와 섬의 경치가 좋고, 초록빛의 나무들이 길 양쪽을 감싸고 있다. 적당한 폭의 도면 상태가 좋은 판석길로 이루어져 있어 부담없이 산책하기 좋은 코스이다.","제주 서귀포시 태평로92번길 49 - 네비게이션 ‘돔베낭골 노외공영주차장’으로 안내 - 제주공항에서 49.8km 위치, 약 1시간 7분 소요",33.239982,126.5318596,,"장애인 주차장 유무: 있음, 장애인 주차 대수: 3면, 위치: 돔베낭골 노외공영주차장 (제주 서귀포시 태평로92번길 49)","장애인 화장실: 있음, 구분: 남녀구분, 위치: 돔베낭골 노외공영주차장 화장실 (제주 서귀포시 태평로92번길 49), 주변(대체)화장실: -",1. 주차장 → 2. 돔베낭골 산책로( 올레7코스 휠체어 구간 410m),1. 주차장 → 2. 돔베낭골 산책로( 올레7코스 휠체어 구간 410m) → 3. 돔베낭골 산책로(올레7코스 일반 구간 260m),"봄, 여름, 가을, 겨울, ●, ●, ●, ●",연중무휴,없음,없음,없음,없음,"지적장애인: ●, 동행인 / 보호자 동반 추천, 휠체어 이용인(수동): ●, 동행인 / 보호자 동반 추천, 휠체어 이용인(전동): ●, 보행가능한 지체장애인: ●, 청각장애인: ●, 시각장애인: ●, 동행인 / 보호자 동반 추천",
동광마을길,"동광마을 탐방길은 동광분교에서 시작하여 물고기 모양으로 탐방할 수 있으며, 조용히 제주의 정취를 느끼기에 좋고 마을 길 곳곳에 계절에 따라 다른 꽃들을 보며 걸을 수 있는 시골길이다.","제주 서귀포시 안덕면 동광로 107 - 내비게이션에 ‘서광초등학교 동광분교장’ 입력 - 제주공항에서 28.8km 위치, 약 36분 소요",33.2883466,126.3263745,,"장애인 주차장 유무: 없음, 장애인 주차 대수: -, 위치: 서광초등학교 동광분교장 (제주 서귀포시 안덕면 동광로 107)","장애인 화장실: -, 구분: -, 위치: -, 주변(대체)화장실: 오설록 티 뮤지엄 (제주 서귀포시 안덕면 신화역사로 15)",1. 주차장 → 2. 팽나무 쉼터 1 → 3. 팽나무 쉼터 2 → 4. 팽나무 쉼터 3 → 5. 하루를 품다 포토스팟 → 6. 물방에 → 7. 주차장,1. 주차장 → 2. 팽나무 쉼터 1 → 3. 팽나무 쉼터 2 → 4. 팽나무 쉼터 3 → 5. 하루를 품다 포토스팟 → 6. 물방에 → 7. 주차장,"봄, 여름, 가을, 겨울, ●, -, ●, -",연중무휴,없음,없음,없음,없음,"지적장애인: ●, 동행인 / 보호자 동반 추천, 휠체어 이용인(수동): ●, 동행인 / 보호자 동반 추천, 휠체어 이용인(전동): ●, 보행 가능한 지체장애인: ●, 청각장애인: ●, 시각장애인: ●, 동행인 / 보호자 동반 추천",
두맹이 골목,"골목 곳곳에 공공 미술 프로젝트 사업의 일환으로 그려진 제주를 주제로 한 다양한 벽화들을 감상할 수 있는 곳이며, 다양한 벽화만큼이나 다양한 조형물을 배경으로 사진 찍기 좋은 곳이다. 바닥에 숫자가 씌여진 길이 있어서 누구나 쉽게 벽화를 감상하며 제주의 골목길의 정취를 느끼고 추억할 수 있는 곳이다. ","제주 제주시 동문로 14길 13-10 - 네비게이션에 ‘중앙병원 남서측 공영주차장’ 검색 - 제주공항에서 5.1km 위치, 약 14분 소요",33.512314,126.5338693,,"장애인 주차장 유무: 없음, 장애인 주차 대수: -, 위치: 중앙병원 남서측 공영주차장","장애인 화장실: 없음, 구분: -, 위치: -, 주변(대체)화장실: 사라봉 다목적체육관 1층 장애인 화장실",1. 주차장 →  2. 두맹이 3번 골목 →  3. 두맹이 4번 골목 →  4. 두맹이 5번 골목 →  5. 두맹이 6번 골목 →  6. 두맹이 7번 골목 →  7. 두맹이 8번 골목 →  8. 두맹이 9번 골목 →  9. 두맹이 10번 골목 →  10. 두맹이 11번 골목 →  11. 두맹이 12번 골목  →  12. 두맹이 13번 골목,1. 주차장 →  2. 두맹이 3번 골목 →  3. 두맹이 4번 골목 →  4. 두맹이 5번 골목 →  5. 두맹이 6번 골목 →  6. 두맹이 7번 골목 →  7. 두맹이 8번 골목 →  8. 두맹이 9번 골목 →  9. 두맹이 10번 골목 →  10. 두맹이 11번 골목 →  11. 두맹이 12번 골목  →  12. 두맹이 13번 골목 →  13. 두맹이 비밀정원,"봄, 여름, 가을, 겨울, ●, ●, ●, ●",연중무휴,없음,없음,없음,없음,"지적장애인: ●, 동행인 / 보호자 동반 추천, 휠체어 이용인(수동): ●, 동행인 / 보호자 동반 추천, 휠체어, 휠체어 이용인(전동): , 보행 가능한 지체장애인: , 청각장애인: , 시각장애인: ",
무오법정사 항일운동 발상지,"무오 법정사 항일운동 발상지는 제주도 내 최초 그리고 최대의 항일운동 발상지로서 그 의의가 매우 큰 곳으로 현재 의열사와 상징탑 등이 만들어져 있고, 한라산 둘레길 및 탐방로와 연결되어 있다. 코스 초입 부분 약 180m/각도 4~11도의 오르막 경사가 있어 휠체어 이용인은 동행인의 이동지원이 필요하다.","제주 서귀포시 1100로 740-168 - 내비게이션 ‘무오법정사 항일운동발상지’ 입력 - 제주공항 41.8km 위치, 약 1시간 소요",33.3098899,126.4744626,,"장애인 주차장 유무: 없음, 장애인 주차 대수: -, 위치:  무오법정사 항일운동발상지 주차장 (제주 서귀포시 1100로 740-168)","장애인 화장실: 있음, 구분: 남녀구분, 위치: 무오 법정사 주차장 부근, 주변(대체)화장실: -",1. 주차장 → 2. 법정사 산책로 → 3. 전망대 → 4. 항일운동 기념비 → 5. 의열사(반환) → 6. 주차장,1. 주차장 → 2. 법정사 산책로 → 3. 전망대 → 4. 항일운동 기념비 → 5. 의열사(반환) → 6. 주차장,"봄, 여름, 가을, 겨울, ●, ●, ●, -",연중무휴,없음,없음,"동백길 안내센터, 흙먼지 털이기, 해충기피제 분사기",없음,"지적장애인: ●, 동행인 / 보호자 동반 추천, 휠체어 이용인(수동): -, 휠체어 이용인(전동): ●, 동행인 / 보호자 동반 추천, 보행 가능한 지체장애인: , 청각장애인: ●, 시각장애인: ●, 동행인 / 보호자 동반 추천",
법화사,"법화사는 제주 천년의 역사 삼대사찰 중 하나로 임진왜란 당시 폐사 위기가 있었지만, 1941년 다시 창건되었고, 그 후 4˙3사건 때 소실되기를 반복하다가 1987년 대웅전 중창 불사를 기반으로 옛 모습을 되찾은 사찰이다. 대웅전과 마주하고 있는 3,000여 평의 규모의 구품연지와 배롱나무꽃이 환상적인 곳으로 마치 한 폭의 수채화를 보는듯한 최고의 풍경과 역사탐방을 같이 즐길 수 있다.","제주 서귀포시 하원북로 35번길 15-28 - 네비게이션 ‘법화사’ 입력 - 제주공항 42.4km 위치, 51분 소요",33.2651982,126.4577155,,"장애인 주차장 유무: 있음, 장애인 주차 대수: 4, 위치: 법화사","장애인 화장실: 없음, 구분: -, 위치: -, 주변(대체)화장실: 중문단지 축구장 (제주 서귀포시 대포동 2499)",1. 주차장 → 2.법화사 숲길 → 3.구품연지 → 4.대웅전,1. 주차장 → 2.법화사 숲길 → 3.법화사 입구 → 4.대웅전 → 5.구화루 → 6.구품연지,"봄, 여름, 가을, 겨울, ●, ●, ●, ●",연중무휴,없음,없음,없음,없음,"지적장애인: ●, 동행인 / 보호자 동반 추천, 휠체어 이용인(수동): ●, 동행인 / 보호자 동반 추천, 휠체어 이용인(전동): ●, 보행가능한 지체장애인: ●, 청각장애인: ●, 시각장애인: ●, 동행인 / 보호자 동반 추천",
사계마을과 형제해안로,"사계리의 해안과 형제섬, 마라도가 보이는 풍경을 즐길 수 있는 곳이다. 사계 어촌체험관에서는 해녀체험과 선상 낚시체험 등의 어촌체험프로그램을 진행하고 있다. 휠체어 올레길과 자전거도로가 마련되어 있어 다양한 여행객의 안전한 관광이 가능하다.","제주 서귀포시 안덕면 형제해안로 13  - 내비게이션에 ‘삼우사계요트클럽’ 입력 - 제주공항에서 39.3km 위치, 약 46분 소요",33.2281229,126.3062768,,"장애인 주차장 유무: 있음, 장애인 주차 대수: 2, 위치: 삼우사계요트클럽 앞","장애인 화장실: , 구분: , 위치: , 주변(대체)화장실: ",1. 장애인주차장 → 2. 사계 어촌체험관 → 3. 형제해안로 → 4. 산방산 포토스팟 → 5. 사계리 꿈드림 문화숲(꿈드림 무인 북카페) → 6. 산방산 뷰포인트,"1. 장애인주차장 → 2. 사계 어촌체험관 → 3. 포토스팟, 사계 어촌체험 마을 유료체험어장 → 4. 형제해안로 → 5. 산방산 포토스팟 → 6. 사계리 꿈드림 문화숲(꿈드림 무인 북카페) → 7. 산방산 뷰포인트","봄, 여름, 가을, 겨울, ●, ●, ●, -",연중무휴,없음,없음,없음,없음,"지적장애인: ●, 동행인 / 보호자 동반 추천, 휠체어 이용인(수동): ●, 동행인 / 보호자 동반 추천, 휠체어 이용인(전동): ●, 보행 가능한 지체장애인: ●, 청각장애인: ●, 시각장애인: ●, 동행인 / 보호자 동반 추천",
산방산과 하멜상선,"산방산은 한라산, 성산 일출봉과 함께 제주의 3대 산으로 불리는 산이다. 서남쪽 중턱에 있는 산실 굴에서 바라보는 해안 경관과 유채꽃이 만발한 봄의 경치가 뛰어나다. 산방산 바로 앞에 있는 용머리해안은 바닷속으로 들어가는 용의 머리를 닮았다고 해서 붙여진 이름으로, 유람선을 타고 주변 경치를 더욱 생생하게 감상할 수 있다. 하멜상선 전시관은 네덜란드인 하멜이 제주에 표류한 것과 관련된 자료를 전시하고 있으며, 하멜이 타고 온 스페르베르호를 모델로 외관을 재현하였다.","제주 서귀포시 안덕면 사계리 163-1 - 내비게이션에 ‘산방산 공영주차장’ 입력 - 제주공항에서 39km 위치, 약 58분 소요",33.2360913,126.3116642,,"장애인 주차장 유무: 있음, 장애인 주차 대수: 4, 위치: 산방산 공영주차장 (제주 서귀포시 안덕면 사계리 163-1)","장애인 화장실: 있음, 구분: 남녀구분, 위치: 기후변화홍보관 옆, 산방산랜드 앞, 주변(대체)화장실: -","1. 장애인주차장 → 2. 하멜상선전시관 → 3. 뷰포인트(바다) → 4. 기후변화홍보관 → 5. 제주도지질공원 탐방 안내소(시작지점) → 6. 쉼터(산방산 뷰) → 7. 뷰포인트(전망대), 전체 코스, 1. 장애인주차장 → 2. 하멜상선전시관 → 3. 뷰포인트(바다) → 4. 기후변화홍보관 → 5. 제주도지질공원 탐방 안내소(시작지점) → 6. 쉼터(산방산 뷰) → 7. 뷰포인트(전망대)",,"봄, 여름, 가을, 겨울, ●, -, ●, -",연중무휴,"유료(1,000~2,500 / 국가유공자, 노인, 장애인 무료)",없음,없음,없음,"지적장애인: ●, 동행인 / 보호자 동반 추천, 휠체어 이용인(수동): ●, 동행인 / 보호자 동반 추천, 휠체어 이용인(전동): ●, 보행 가능한 지체장애인: ●, 청각장애인: ●, 시각장애인: ",
산이물공원,"산이물공원(삼다도소식)에서의 비양도 뷰를 시작으로, 서산사와 돌담 방파제를 지나 넙빌레, 억새, 마라도 뷰 포인트를 만날 수 있다. 매월 1, 6일은 전통 재래시장인 대정오일시장이 열리는 날이다.","제주 서귀포시 대정읍 하모리 1097-1 - 내비게이션에 ‘산이물공원’ 입력 - 제주공항에서 42km 위치, 약 55분 소요",33.2210211,126.2468523,,"장애인 주차장 유무: 있음, 장애인 주차 대수: 5, 위치: 대정오일시장 주차장 (제주 서귀포시 대정읍 신영로36번길 65)","장애인 화장실: 있음, 구분: 남녀구분, 위치: 대정오일시장 주차장 화장실 (제주 서귀포시 대정읍 하모리 1089-40), 주변(대체)화장실: -","1. 대정오일시장 주차장  → 2. 산이물공원(삼다도소식) → 3. 산이물 → 4. 서산사 → 5. 넙빌레, 억새, 마라도 뷰 포인트 → 6. 야자수 포토스팟 → 7. 야생돌고래 탐사 체험 → 8. 동일 1리 안내도 → 9. 정자 쉼터 → 10. 동일리 방파제 끝(반환점)","1. 대정오일시장 주차장 → 2. 산이물공원(삼다도소식) → 3. 산이물 → 4. 서산사 → 5. 넙빌레, 억새, 마라도 뷰 포인트 → 6. 야자수 포토스팟 → 7. 야생돌고래 탐사 체험 → 8. 동일 1리 안내도 → 9. 정자 쉼터 → 10. 동일리 방파제 끝(반환점)","봄, 여름, 가을, 겨울, ●, ●, ●, ●",없음,없음,없음,없음,없음,"지적장애인: ●, 동행인 / 보호자 동반 추천, 휠체어 이용인(수동): ●, 동행인 / 보호자 동반 추천, 휠체어 이용인(전동): ●, 보행 가능한 지체장애인: ●, 청각장애인: ●, 시각장애인: ●, 동행인 / 보호자 동반 추천",
삼양 환해장성과 벌랑포구 해안길,"탁 트인 제주 바다와 아름다운 별도봉과 사라봉, 그리고 제주의 관문인 제주항을 한눈에 볼 수 있는 곳이며, 벌랑포구 해안 길을 걸으며 여유를 느낄 수 있고 용천수가 흘러나오는 새각시물도 만나 볼 수 있다.","제주 제주시 금산5길 48 - 내비게이션에 ‘제주 제주시 금산5길 48’ 입력 - 제주공항에서 9km 위치, 약 25분 소요",33.5268135,126.5637017,,"장애인 주차장 유무: 없음, 장애인 주차 대수: -, 위치: 화북 금산마을 해녀탈의장 옆 공터 주차장 (제주 제주시 금산5길 48)","장애인 화장실: 있음, 구분: -, 위치: 삼양3동 포구 앞 (제주 제주시 삼양삼동 2621-9), 주변(대체)화장실: -",1. 금산마을 해녀탈의장 → 2. 삼양 환해장성 → 3. 환해장성 시작 지점 → 4. 벌랑포구  → 5. 벌랑 새각시물 → 6. 방파제 끝 반환 → 7. 다회(둠뱅이교) → 8. 제주 sup 앞 반환점,1. 금산마을 해녀탈의장 → 2. 삼양 환해장성 → 3. 환해장성 시작 지점 → 4. 벌랑포구  → 5. 벌랑 새각시물 → 6. 방파제 끝 반환 → 7. 다회(둠뱅이교) → 8. 제주 sup 앞 반환점,"봄, 여름, 가을, 겨울, ●, ●, ●, ●",연중무휴,없음,없음,없음,없음,"지적장애인: ●, 동행인 / 보호자 동반 추천, 휠체어 이용인(수동): ●, 동행인 / 보호자 동반 추천, 휠체어 이용인(전동): ●, 보행가능한 지체장애인: ●, 청각장애인: ●, 시각장애인: ●, 동행인 / 보호자 동반 추천",
상가리 퐁낭 마을길,"천 년이라는 제주도 최고 수명을 지닌 팽나무를 중심으로 팽나무 군락과 귤밭을 보며 관광지답지 않은 제주 본연의 마을 모습을 즐길 수 있으며, 비교적 평탄한 바닥과 길지 않은 코스로 휠체어 이용 시에도 편하게 즐길 수 있다.","제주 제주시 애월읍 상가리 1666 - 내비게이션에 ‘상가리 마을회관’ 입력 - 제주공항에서 17.4km 위치, 약 30분 소요",33.4102243,126.3758566,,"장애인 주차장 유무: 유, 장애인 주차 대수: 1, 위치: 상가리 마을회관 주차장 (제주 제주시 애월읍 상가리 1666)","장애인 화장실: 없음, 구분: -, 위치: -, 주변(대체)화장실: 하가리 연화못 화장실 (제주시 애월읍 하가리 1569-5)","1. 상가리 마을회관 주차장 →  2. 퐁낭(팽나무) 쉼터  → 3. 동백길 → 4. 퐁낭, 양천교회 → 5. 감귤밭 → 6. 퐁낭 → 7. 팽나무(보호수) → 8. 담벼락 시계초","1. 상가리 마을회관 주차장 →  2. 퐁낭(팽나무) 쉼터  → 3. 동백길 → 4. 퐁낭, 양천교회 → 5. 감귤밭 → 6. 퐁낭 → 7. 팽나무(보호수) → 8. 담벼락 시계초","봄, 여름, 가을, 겨울, ●, ●, ●, ●",연중무휴,없음,없음,없음,없음,"지적장애인: ●, 동행인 / 보호자 동반 추천, 휠체어 이용인(수동): ●, 동행인 / 보호자 동반 추천, 휠체어 이용인(전동): ●, 보행가능한 지체장애인: ●, 청각장애인: ●, 시각장애인: ●, 동행인 / 보호자 동반 추천",
상가리 퐁낭 마을길,"천 년이라는 제주도 최고 수명을 지닌 팽나무를 중심으로 팽나무 군락과 귤밭을 보며 관광지답지 않은 제주 본연의 마을 모습을 즐길 수 있으며, 비교적 평탄한 바닥과 길지 않은 코스로 휠체어 이용 시에도 편하게 즐길 수 있다.","제주 제주시 애월읍 상가리 1666 - 내비게이션에 ‘상가리 마을회관’ 입력 - 제주공항에서 17.4km 위치, 약 30분 소요",33.4102243,126.3758566,,"장애인 주차장 유무: 유, 장애인 주차 대수: 1, 위치: 상가리 마을회관 주차장 (제주 제주시 애월읍 상가리 1666)","장애인 화장실: 없음, 구분: -, 위치: -, 주변(대체)화장실: 하가리 연화못 화장실 (제주시 애월읍 하가리 1569-5)","1. 상가리 마을회관 주차장 →  2. 퐁낭(팽나무) 쉼터  → 3. 동백길 → 4. 퐁낭, 양천교회 → 5. 감귤밭 → 6. 퐁낭 → 7. 팽나무(보호수) → 8. 담벼락 시계초","1. 상가리 마을회관 주차장 →  2. 퐁낭(팽나무) 쉼터  → 3. 동백길 → 4. 퐁낭, 양천교회 → 5. 감귤밭 → 6. 퐁낭 → 7. 팽나무(보호수) → 8. 담벼락 시계초","봄, 여름, 가을, 겨울, ●, ●, ●, ●",연중무휴,없음,없음,없음,없음,"지적장애인: ●, 동행인 / 보호자 동반 추천, 휠체어 이용인(수동): ●, 동행인 / 보호자 동반 추천, 휠체어 이용인(전동): ●, 보행가능한 지체장애인: ●, 청각장애인: ●, 시각장애인: ●, 동행인 / 보호자 동반 추천",
선흘리 동백마을,"세계 자연유산마을, 범죄 없는 마을, 습지를 품은 마을 등 다양한 수식어가 붙을 정도로 마을 자체가 평화롭고 아름다우며 집집마다 대문이 없거나 열여있기 때문에 제주도 로컬 주민들의 삶을 간접적으로 느낄 수 있다. 또한, 길 곳곳에 봉선화와 동백나무는 마을 길의 아름다움을 한층 더해 준다.","제주 제주시 조천읍 선흘동1길 10(선흘 1리 보건진료소) - 내비게이션에 ‘선흘 1리 보건 진료소’ 입력 - 제주공항에서 25km 위치, 약 50분 소요",33.5124039,126.7051542,,"장애인 주차장 유무: 없음, 장애인 주차 대수: -, 위치: 선흘1리 보건진료소 옆 공터","장애인 화장실: 없음, 구분: -, 위치: -, 주변(대체)화장실: 동백동산(습지센터 주차장) 화장실",1.주차장→ 2.도구리 영농조합법인 제주전통식품체험관→3.감귤밭 돌담길→4.함덕 초등학교 선흘 분교→5.제주도예→6.선흘리 마을길→7.종료지점,1.주차장→ 2.도구리 영농조합법인 제주전통식품체험관→3.감귤밭 돌담길→4.함덕 초등학교 선흘 분교→5.제주도예→6.선흘리 마을길→7.종료지점,"봄, 여름, 가을, 겨울, ●, ●, ●, ●",연중무휴,없음,없음,없음,있음,"지적장애인: ●, 동행인 / 보호자 동반 추천, 휠체어 이용인(수동): ●, 동행인 / 보호자 동반 추천, 휠체어 이용인(전동): ●, 보행가능한 지체장애인: ●, 청각장애인: ●, 시각장애인: ●, 동행인 / 보호자 동반 추천",
세천포구,세천포구에서 보는 일몰은 제주도 어디에 내놓아도 뒤지지 않을 것 같이 아름답다. 바닥까지 훤히 들여다보이는 깨끗한 바다를 보면 여기가 바로 청정지역이지 싶다. 높은 산이 없는 평탄한 지형으로 이루어져 있고 풍부한 해산물이 가득한 지귀도의 모습도 함께 감상할 수 있다.,"제주 서귀포시 남원읍 태위로360번길 192 - 내비게이션 ‘세천포구’ 입력 - 제주공항에서 47.7km 위치, 약 1시간 15분 소요",33.2688666,126.6743472,,"장애인 주차장 유무: 없음, 장애인 주차 대수: -, 위치: 세천포구 넓은 공터 (제주 서귀포시 남원읍 태위로360번길 192)","장애인 화장실: 없음, 구분: -, 위치: -, 주변(대체)화장실: 위미 문화의집 (제주 서귀포시 남원읍 태위로 105)",1. 세천포구 공터 주차장 → 2. 돌담 방파제 → 3. 해안 포토스팟 → 4. 해안 길→ 5. 국립수산과학원 앞 차량통행 금지 표지판에서 반환,1. 세천포구 공터 주차장 → 2. 돌담 방파제 → 3. 해안 포토스팟 → 4. 해안 길→ 5. 국립수산과학원 앞 차량통행 금지 표지판에서 반환,"봄, 여름, 가을, 겨울, ●, ●, ●, ●",연중무휴,없음,없음,없음,없음,"지적장애인: ●, 동행인 / 보호자 동반 추천, 휠체어 이용인(수동): ●, 동행인 / 보호자 동반 추천, 휠체어 이용인(전동): ●, 보행 가능한 지체장애인: ●, 청각장애인: ●, 시각장애인: ●, 동행인 / 보호자 동반 추천",
수산저수지와 물메둑길,"햇살에 잔잔하게 반짝이는 수산저수지와 그 저수지를 품은 수산봉을 볼 수 있는 곳으로 마을 탐방로에는 물메밭담길이 있다. 그 길을 따라 걷다 보면 마을의 아름다운 비경들과 시들이 전시되어 있는 돌을 마주할 수 있다. 또한, 400연 년 전 수산리가 생길 때 당시 뜰 안에 심었다고 전해지는 마을의 수호 목인 천연기념물 제441호인 곰솔도 함께 볼 수 있는 코스이다.","제주 제주시 제주시 애월읍 수산리 738 - 내비게이션 ‘수산 저수지 입구’ 입력 - 제주공항 13.9km 위치, 약 28분 소요",33.5104135,126.4913534,,"장애인 주차장 유무: 없음, 장애인 주차 대수: -, 위치: 수산저수지 입구 주차장 (제주 제주시 애월읍 수산리 738)","장애인 화장실: -, 구분: -, 위치: -, 주변(대체)화장실: 하가못 화장실 (제주 제주시 애월읍 하가리 1569-2)",1. 주차장 → 2. 물메 밭담길 산책로 → 3. 수산 저수지 산책로 → 4. 물메 둑길 앞(반환)→ 5.주차장,1. 주차장 → 2. 수산봉 산책로(그네 포토스팟) → 3. 물메 밭담길 산책로 → 4. 수산 저수지 산책로 → 5. 물메둑길 → 6. 수산 곰솔길 → 7. 주차장,"봄, 여름, 가을, 겨울, ●, ●, ●, ●",연중무휴,없음,없음,없음,있음,"지적장애인: ●, 동행인 / 보호자 동반 추천, 휠체어 이용인(수동): ●, 동행인 / 보호자 동반 추천, 휠체어 이용인(전동): ●, 보행가능한 지체장애인: ●, 청각장애인: ●, 시각장애인: ●, 동행인 / 보호자 동반 추천",
수원리 해안 탐방로,"해안길을 따라 펼쳐진 해안담과 벽화담에서 제주의 옛 느낌을 느끼고, 제주의 풍경과 제주 바다를 표현한 벽화를 보며 한적하게 산책할 수 있다. 반듯하게 정리된 수원의 밭길은 계획된 도시와 같은 느낌을 주며, 주변에 높은 건물이 드물어서 비양도와 한라산을 동시에 볼 수 있는 지점이다.","제주 제주시 한림읍 수원리 239-7 - 내비게이션에 ‘제주 제주시 한림읍 수원리 239-7’ 입력 - 제주공항에서 25.2km 위치, 약 37분 소요",33.4372869,126.2709567,,"장애인 주차장 유무: 없음, 장애인 주차 대수: -, 위치: 제주 제주시 한림읍 수원리 239-7","장애인 화장실: -, 구분: -, 위치: -, 주변(대체)화장실: 대수포구 올레바당 체험마을 클린 화장실",1. 용운해녀 탈의장(주차장) → 2. 용운동항 서방파제 등대 → 3. 환해장성 → 4. 환해 장성길 → 5. 구룡 소공원,1. 용운해녀 탈의장(주차장) → 2. 용운동항 서방파제 등대 → 3. 환해장성 → 4. 환해 장성길 → 5. 구룡 소공원,"봄, 여름, 가을, 겨울, ●, ●, ●, ●",연중무휴,없음,없음,없음,없음,"지적장애인: ●, 동행인 / 보호자 동반 추천, 휠체어 이용인(수동): ●, 동행인 / 보호자 동반 추천, 휠체어 이용인(전동): ●, 보행가능한 지체장애인: ●, 청각장애인: ●, 시각장애인: ●, 동행인 / 보호자 동반 추천",
신천목장 산책길,"한적한 목장 산책길을 따라 탁 트인 성산 바다 뷰를 감상할 수 있는 곳으로 특히 겨울철 목장 부지에서는 귤피를 말리는 이색적인 풍경을 마주할 수 있는 곳이다.  향긋한 귤피 향과 시원하게 불어오는 바닷바람, 바다 풍경이 일품이다.","제주 서귀포시 성산읍 신천리 1 - 내비게이션 ‘카페물썹’ 입력(카페 옆 공터주차장) - 제주공항에서 48.4km 위치, 약 1시간 10분 소요",33.3564125,126.8680669,,"장애인 주차장 유무: 없음, 장애인 주차 대수: -, 위치: 카페물썹 앞 공터 주차장 (제주 서귀포시 성산읍 신천동로 130-29)","장애인 화장실: 없음, 구분: -, 위치: -, 주변(대체)화장실: 표선해수욕장 주차장 화장실 (제주 서귀포시 표선면 표선리 44-4)","카페물썹 공터 주차장-,  카페 옆 올레길 3-B 출입구 -,  신천목장 산책길 -,  올레길 3-A 출입구","카페물썹 공터 주차장-,  카페 옆 올레길 3-B 출입구 -,  신천목장 산책길 -,  올레길 3-A 출입구-,  목장 밭담길 -,  신천목장 입구","봄, 여름, 가을, 겨울, ●, ●, ●, ●",연중무휴,없음,없음,없음,없음,"지적장애인: ●, 동행인 / 보호자 동반 추천, 휠체어 이용인(수동): ●, 동행인 / 보호자 동반 추천, 휠체어 이용인(전동): , 보행 가능한 지체장애인: , 청각장애인: , 시각장애인: ",
신흥리 무지개길,아름다고 얕아서 어린이들도 놀기 좋은 신흥해수욕장 쪽 바다뷰와 야자수들이 조화롭게 어울려 제주도 안에 작은 해외에 있는 듯한 이국적인 느낌을 즐길 수 있는 장소이다. 또한 신흥리 복지회관 쪽 신흥무지개다리는 떠오르는 포토스팟으로 인생샷을 건지기에 충분하다.,"제주 제주시 조천읍 신흥리 530-13 - 내비게이션에 ‘제주시 조천읍 신흥리 530-13’ 입력 - 제주공항에서 18.6km 위치, 약 45분 소요",33.5485887,126.6505164,,"장애인 주차장 유무: 있음, 장애인 주차 대수: 7대, 위치: 조천읍 무료공영주차장 (제주 제주시 신흥리 530-13)","장애인 화장실: 없음, 구분: -, 위치: -, 주변(대체)화장실: 신흥리 해수욕장 화장실 (제주 제주시 조천읍 조함해안로 273-35)",1. 주차장 → 2. 정자 쉼터 → 3. 무지개 길(반환)  → 5. 정자쉼터 → 6. 해안로 입구 7. 국제리더스클럽(Y카페) → 8. 종료지점(반환점),1. 주차장 → 2. 정자 쉼터 → 3. 무지개 길  → 4. 쇠물깍 산책로  → 5. 정자쉼터 → 6. 해안로 입구 7. 국제리더스클럽(Y카페) → 8. 종료지점(반환점),"봄, 여름, 가을, 겨울, ●, ●, ●, ●",연중무휴,없음,없음,없음,있음,"지적장애인: ●, 동행인 / 보호자 동반 추천, 휠체어 이용인(수동): ●, 동행인 / 보호자 동반 추천, 휠체어 이용인(전동): ●, 보행가능한 지체장애인: ●, 청각장애인: ●, 시각장애인: ●, 동행인 / 보호자 동반 추천, 시니어",
신흥리방파제와 환해장성,"신흥리 해수욕장은 하얀 모래사장과 에메랄드 빛 바다에 제주 검은색 현무암으로 만든 방사탑이 곳곳에 서있다. 설촌된지 100년이 되는 신흥리는 예로부터 바다가 아름다운 마을로 알려져 있다. 또한, 오랜 역사에도 여전히 자리 하는 환해장성을 볼 수 있다.","제주 제주시 조천읍 신흥리 신흥해수욕장 - 내비게이션에 ‘신흥리 해수욕장’ 입력 - 제주공항에서 19km 위치, 약 45분 소요",33.551768,126.6487847,,"장애인 주차장 유무: 있음, 장애인 주차 대수: 1대, 위치: 신흥리 해수욕장 (제주 제주시 조천읍 조함해안로 273-35)","장애인 화장실: 있음, 구분: 남녀 구분, 위치: 신흥리 해수욕장 화장실 (제주 제주시 조천읍 조함해안로 273-35), 주변(대체)화장실: -",1. 주차장 → 2. 신흥리 해안 산책길 → 3. 바닷속 해녀상  → 4. 방파제길(반환)  → 5.환해장성 산책길→ 6. 환해장성(반환점),1. 주차장 → 2. 신흥리 해안 산책길 → 3. 바닷속 해녀상→ 4. 방파제길(반환) → 5. 환해장성 산책길 →6. 환해장성→ 7. 등대(반환점),"봄, 여름, 가을, 겨울, ●, ●, ●, ●",연중무휴,없음,없음,없음,있음,"지적장애인: ●, 동행인 / 보호자 동반 추천, 휠체어 이용인(수동): ●, 동행인 / 보호자 동반 추천, 휠체어 이용인(전동): ●, 보행가능한 지체장애인: ●, 청각장애인: ●, 시각장애인: ●, 동행인 / 보호자 동반 추천",
어영소공원~용두암(비행기 이착륙 포토스팟),"어영마을 해안도로를 따라 만들어진 어영소공원의 동서 길이는 약 400m이며, 어린이 놀이터, 야간 조명 시설, 벤치 등이 있다. 해안에는 현무암으로 이루어진 파식대가 있으며 공원 맞은편에는 카페, 레스토랑, 식당들이 집중되어 있다. 제주 올레 17코스 도중에 자리한 공원으로 올레꾼들의 많이 찾는 장소이다.","제주 제주시 용담삼동 1071 - 내비게이션 ‘용담레포츠공원 주차장)’ 입력 - 제주공항에서 3.8km 위치, 약 8분 소요",33.5176696,126.4997858,,"장애인 주차장 유무: 있음, 장애인 주차 대수: 2, 위치: 용담레포츠공원 주차장 (제주 제주시 용담삼동 1071)","장애인 화장실: 있음, 구분: 남녀구분, 위치: 레포츠공원 화장실 1층, 주변(대체)화장실: -",1.애향의 동산 → 2.비행기 이착륙 포토스팟 → 3.말머리와 말머리물 → 4.말머리 소금빌레,1.어영레포츠공원 주차장 → 2.비행기 이착륙 포토스팟 → 3.애향의 동산 → 4.비행기 착륙 포토스팟 → 5.말머리와 말머리물 → 6.말머리 소금빌레,"봄, 여름, 가을, 겨울, ●, ●, ●, ●",연중무휴,없음,없음,없음,없음,"지적장애인: ●, 동행인 / 보호자 동반 추천, 휠체어 이용인(수동): ●, 동행인 / 보호자 동반 추천, 휠체어 이용인(전동): ●, 보행가능한 지체장애인: ●, 청각장애인: ●, 시각장애인: ",
연대포구와 외도포구 산책길,"포구들을 기점으로 타일 조각으로 제주의 풍경을 그려낸 타일벽화가 있는 산책로가 조성되어 있으며, 제주의 옛 물고기잡이 방법인 원담이 형성되어 있어 제주의 바다를 더 가까이 느낄 수 있다. 전체적인 코스의 노면은 잘 정비되어 있고, 평탄하여 접근성이 좋다.","제주 제주시 월대5길 6  - 내비게이션에 ‘탐앤탐스 외도점’ 입력(탐앤탐스 맞은편 공터 주차장) - 제주공항에서 7km 위치, 약 15분 소요",33.4945132,126.4355978,,"장애인 주차장 유무: 없음, 장애인 주차 대수: -, 위치: 탐앤탐스 외도점 맞은편 공터 주차장 (제주 제주시 월대5길 6)","장애인 화장실: 있음, 구분: 남녀구분, 위치: 연대포구 선착장 안 화장실 (제주 제주시 외도이동 1956-41), 주변(대체)화장실: -",1. 주차장 → 2. 해안벽화 → 3. 월대쉼터 → 4. 산책로 → 5. 해안 전망대 공터 → 6. 이정표 → 7. 전복 양식장 → 8. 연대포구 → 9. 연대포구 주차장,1. 주차장 → 2. 해안벽화 → 3. 월대쉼터 → 4. 산책로→ 5. 해안 전망대 공터 → 6. 이정표 → 7. 전복 양식장 → 8. 연대포구 → 9. 연대포구 주차장,"봄, 여름, 가을, 겨울, ●, ●, ●, ●",연중무휴,없음,없음,없음,없음,"지적장애인: ●, 동행인 / 보호자 동반 추천, 휠체어 이용인(수동): ●, 동행인 / 보호자 동반 추천, 휠체어 이용인(전동): ●, 보행가능한 지체장애인: ●, 청각장애인: ●, 시각장애인: ●, 동행인 / 보호자 동반 추천",
월대천(외도물길20리),"제주시 외도동에 위치한 월대천은 제주 바다와 한라산 계곡물이 만나는 제주의 숨은 명소이다. 공항과 가깝고 계단을 통해 이동하는 돌다리를 제외하면, 산책길 노면이 평평한 판석길로 되어 있어 버드나무와 월대천의 풍광과 함께 산책하기 좋은 곳이다.","제주 제주시 외도일동 559-1 - 내비게이션에 ‘외도구획정리지구 공영주차장’ 입력 - 제주공항에서 6.8km 위치, 약 14분 소요",33.4867397,126.4317617,,"장애인 주차장 유무: 있음, 장애인 주차 대수: 1, 위치: 외도구획정리지구 공영주차장 (제주 제주시 외도일동 559-1)","장애인 화장실: -, 구분: -, 위치: -, 주변(대체)화장실: 연대포구 선착장 안 화장실 (제주 제주시 외도이동 1956-41)","1.외도구획정리지구 공영주차장 → 2.월대천 입구 (외도물길 20리) → 3.보호수 → 4.징검다리 → 5.월대교 → 6.시가 있는 산책로 → 7.쉼터, view point → 8.징검다리","1.외도구획정리지구 공영주차장 → 2.월대천 입구 (외도물길 20리) → 3.보호수 → 4.징검다리 → 5.쉼터, view point → 6.시가 있는 산책로 → 7.월대교 → 8. 외도구획정리지구 공영주차장","봄, 여름, 가을, 겨울, ●, ●, ●, ●",연중무휴,없음,없음,없음,없음,"지적장애인: ●, 동행인 / 보호자 동반 추천, 휠체어 이용인(수동): ●, 동행인 / 보호자 동반 추천, 휠체어 이용인(전동): ●, 보행가능한 지체장애인: ●, 청각장애인: ●, 시각장애인: ●, 동행인 / 보호자 동반 추천",
월정리 진빌레 밭담길,"제주 밭담과 제주 농촌 문화와 환경을 경험할 수 있는 곳. 밭담 길이 바닷가와 인접해 있어, 코스를 걷는 동안 바다와 함께 어우러지는 밭담 길 전경을 감상할 수 있다.","제주 제주시 구좌읍 월정리 1400-33 - 내비게이션에 ‘제주 밭담 테마공원’ 입력 - 제주공항에서 32.1km 위치, 약 50분 소요",33.5629582,126.779381,,"장애인 주차장 유무: 유, 장애인 주차 대수: 2, 위치: 제주 제주시 구좌읍 월정리 1400-33","장애인 화장실: 유, 구분: 남녀구분, 위치: 제주 밭담테마공원 정보센터, 주변(대체)화장실: -",1. 주차장1 → 2. 월정리 투명카약 입구 → 3. 제주 밭담 테마 공원 → 4. 진빌레 밭담길 → 5. 주차장2,1. 주차장1 → 2. 월정리 투명카약 입구 → 3. 제주 밭담 테마 공원 → 4. 진빌레 밭담길 → 5. 주차장2,"봄, 여름, 가을, 겨울, ●, ●, ●, ●",연중무휴,없음,없음,없음,없음,"지적장애인: ●, 동행인 / 보호자 동반 추천, 휠체어 이용인(수동): ●, 동행인 / 보호자 동반 추천, 휠체어 이용인(전동): ●, 보행가능한 지체장애인: ●, 청각장애인: ●, 시각장애인: ●, 동행인 / 보호자 동반 추천",
위미 동백나무군락,"사철 푸른 동백과 많은 새가 찾아드는 남쪽의 정취를 느끼며 동백꽃의 아름다움을 감상할 수 있고, 여름에는 귤나무 농장에서 뿜어져 나오는 귤꽃 냄새를 맡을 수 있고 겨울에는 동백나무를 구경할 수 있다. 접근성이 좋아 휠체어 이용인 뿐만 아니라 유아차 등이 다니기 편리한 관광지이다.","제주 서귀포시 남원읍 위미중앙로 300번길 15 - 내비게이션에 ‘위미동백나무군락’ 입력 - 제주공항에서 50.8km 위치, 약 1시간 6분 소요",33.5104135,126.4913534,,"장애인 주차장 유무: 없음, 장애인 주차 대수: -, 위치: 대천교 (제주 서귀포시 남원읍 위미리)","장애인 화장실: -, 구분: -, 위치: -, 주변(대체)화장실: 위미문화의집 (제주 서귀포시 남원읍 태위로 105)",1. 대천교 옆 정자 주차장 → 2. 돌담길 → 3. 동백 그늘숲길 → 4. 제주올레 스탬프,1. 대천교 옆 정자 주차장 → 2. 돌담길 → 3. 동백 그늘숲길 → 4. 제주올레 스탬프,"봄, 여름, 가을, 겨울, ●, ●, ●, ●",연중무휴,없음,없음,없음,없음,"지적장애인: ●, 동행인 / 보호자 동반 추천, 휠체어 이용인(수동): ●, 동행인 / 보호자 동반 추천, 휠체어 이용인(전동): ●, 보행가능한 지체장애인: ●, 청각장애인: ●, 시각장애인: ●, 동행인 / 보호자 동반 추천",
이중섭 거리,"40세의 젊은 나이에 요절한 천재 화가 이중섭을 기리기 위해 피난 당시 거주했던 초가를 중심으로 조성된 거리로 1996년에 사업체가 창단하고 1997년 9월 복원된 장소이다. 주변에는 이중섭의 삽화가 들어간 기념품이나 각종 수공예품, 편집샵 등이 즐비해 있으며, 수제버거, 피쉬앤칩스 음식점 등 젊은이들에게 인기 있는 맛집도 어렵지 않게 찾아볼 수 있는 거리이다.","제주 서귀포시 서귀동 550 - 내비게이션에 ‘이중섭미술관 전용주차장’ 입력 - 제주공항에서 42.8km 위치, 약 1시간 6분 소요",33.2458403,126.56494,,"장애인 주차장 유무: 있음, 장애인 주차 대수: 2, 위치: 이중섭미술관 전용주차장 (제주 서귀포시 서귀동 550)","장애인 화장실: 있음, 구분: 남녀공용, 위치: 정방동주민센터 (제주 서귀포시 평로421번길 7), 주변(대체)화장실: -",1. 이중섭 미술관 전용 주차장 → 2. 작가의 산책길 종합안내소 → 3. 야외체험부스 → 4. 이중섭 미술관 → 5. 서귀포 극장,1. 이중섭 미술관 전용 주차장 → 2. 길 좌측 작가의 산책길 종합안내소 → 3. 야외체험부스 → 4. 이중섭 미술관 → 5. 서귀포 극장,"봄, 여름, 가을, 겨울, ●, ●, ●, ●","이중섭미술관 매주 월요일, 1월1일, 설날, 추석 휴무",1. 어른(25~64세) : 개인 1500원 단체 1000원 2. 청소년(13~24세) : 개인 800원 단체 500원 3. 어린이(7~12세): 개인 400원 단체 300원,-,-,작가의 산책길 문화해설가 (이중섭미술관 포함 다른 작가의 미술 작품도 볼 수 있다.),"지적장애인: ●, 동행인 / 보호자 동반 추천, 휠체어 이용인(수동): ●, 동행인 / 보호자 동반 추천, 휠체어 이용인(전동): ●, 보행가능한 지체장애인: ●, 청각장애인: , 시각장애인: ",
이호테우해수욕장과 내도동 알작지,"공항에서 가장 가까운 해수욕장으로 산책하기 좋은 코스이다.  또 한 사람이 붐비지 않아 한가로우면서 여유롭게 제주 바다를 구경할 수 있는 곳이다. 또 한 알작지해변에서 바라보는 노을의 모습이 아름다우며, 동그란 모양의 자갈들이 파도와 만나 아름다운 소리를 내는 곳이다. 해안 길 산책로가 아름다운 곳이다.","제주 제주시 이호일동 1654 - 내비게이션에 ‘이호테우 해수욕장 주차장’ 입력 - 제주공항에서 5.3km 위치, 약 10분 소요",33.496152,126.45522,,"장애인 주차장 유무: 있음, 장애인 주차 대수: 3, 위치: 이호테우 해수욕장 주차장 (제주 제주시 이호일동 1654)","장애인 화장실: 있음, 구분: 남녀구분, 위치: 내도마을포제단-(내도동 공중화장실) (제주 제주시 테우해안로 65), 주변(대체)화장실: -",1. 이호테우주차장 → 2. 제주관광해저레저센터 → 3. 정자 → 4. 판석길 산책로 시작 → 5. 용천수(동물) → 6. 현사포구 → 7. 해안산책로 → 8. 현사교 → 9. 내도마을포제단 → 10. 내도동 방사탑 → 11. 내도동 알작지 해변(알작지왓) → 12. 외도포구,1. 이호테우주차장 → 2. 제주관광해저레저센터 → 3. 정자 → 4. 판석길 산책로 시작 → 5. 용천수(동물) → 6. 현사포구 → 7. 해안산책로 → 8. 현사교 → 9. 내도마을포제단 → 10. 내도동 방사탑 → 11. 내도동 알작지 해변(알작지왓) → 12. 외도포구,"봄, 여름, 가을, 겨울, ●, ●, ●, ●",연중무휴,없음,없음,없음,없음,"지적장애인: ●, 동행인 / 보호자 동반 추천, 휠체어 이용인(수동): ●, 동행인 / 보호자 동반 추천, 휠체어 이용인(전동): ●, 보행가능한 지체장애인: ●, 청각장애인: ●, 시각장애인: ",
일과리 해안도로,"탁 트인 수평선을 보며 햇빛에 반짝이는 오션 뷰를 감상할 수 있는 곳으로, 돌고래 때를 만나기 위해 사람들이 찾는 곳이다. 해안 길을 따라 걷다 보면 곳곳에 다양한 뷰 포인트가 있어서 여유를 갖고 잠시 쉬어가며 걸을 수 있다. 또한 돌담길과 해안 길은 제주스러움을 느끼게 해준다. 또한 드라마 ‘도깨비’ 촬영지와 유사한 포토 스폿이 있으며, 자전거도로(통행 도로)가 넓어서 이동에도 편리하다.","제주 서귀포시 대정읍 전세비로 9 - 내비게이션에 ‘상하이 수산’ 입력 - 제주공항에서 46km 위치, 약 1시간 소요",33.2434275,126.2121228,,"장애인 주차장 유무: 없음, 장애인 주차 대수: -, 위치: 상하이 수산 건너편 주차장 (제주 서귀포시 대정읍 전세비로 9)","장애인 화장실: -, 구분: -, 위치: -, 주변(대체)화장실: 대정문화체육센터 ( 제주 서귀포시 대정읍 암반수마농로 419 )",1. 상하이 수산 건너편 주차장 → 2. 바다 뷰포인트 → 3. 바위 담벼락 시작 → 4. 돌고래 관람 포인트 / 돌고래 바위 그림 → 5. 주차장 / 나무 그네 쉼터 → 6. 향나무길 시작 → 7. 정자 쉼터 → 8. 향나무길 끝 → 9. 돌담길(우측) / 방제 기상관측장비 → 10. 방파제 입구 → 11. 방파제 끝(반환점),1. 상하이 수산 건너편 주차장 → 2. 바다 뷰포인트 → 3. 바위 담벼락 시작 → 4. 돌고래 관람 포인트 / 돌고래 바위 그림 → 5. 주차장 / 나무 그네 쉼터 → 6. 향나무길 시작 → 7. 정자 쉼터 → 8. 향나무길 끝 → 9. 돌담길(우측) / 방제 기상관측장비 → 10. 방파제 입구 → 11. 방파제 끝(반환점),"봄, 여름, 가을, 겨울, ●, ●, ●, ●",연중무휴,없음,없음,없음,없음,"지적장애인: ●, 휠체어 이용인(수동): , 휠체어 이용인(전동): , 보행 가능한 지체장애인: , 청각장애인: , 시각장애인: ",
제주 올레길 14코스(휠체어 구간) 금능리,"제주의 달과 같은 비양도를 전망하며, 아름다운 금능해수욕장을 볼 수 있는 바당올레길 코스로 아름다운 섬 비양도를 내내 눈에 담고 갈 수 있는 코스이다. ","제주 제주시 한림읍 금능리 2018  - 내비게이션 ‘금능 해수욕장 전기차충전소’ 입력 - 제주공항에서 31.4km 위치, 약 46분 소요",33.3898565,126.235364,,"장애인 주차장 유무: 있음, 장애인 주차 대수: 3대, 위치: 금능해수욕장 전기차충전소","장애인 화장실: 있음, 구분: 남녀 구분, 위치: 금능포구 화장실 (제주 제주시 한림읍 금능길 119-10), 주변(대체)화장실: -",1. 주차장 →  2. 금능해수욕장 → 3. 금능포구 → 4. 선인장 스팟 → 5. 방파제입구 → 6. 금능환해장성 → 제주올레길14코스 (휠체어구간),,"봄, 여름, 가을, 겨울, ●, ●, ●, ●",연중무휴,없음,없음,없음,없음,"지적장애인: ●, 동행인 / 보호자 동반 추천, 휠체어 이용인(수동): ●, 동행인 / 보호자 동반 추천, 휠체어 이용인(전동): ●, 보행가능한 지체장애인: ●, 청각장애인: ●, 시각장애인: ●, 동행인 / 보호자 동반 추천",
제주올레길 1코스(휠체어구간)종달리,"제주 올레길 1코스는 코스 내 구간별로 제주의 색들로 골고루 잘 입혀져 있다. 말미오름과 알오름의 오름, 종달리의 퐁낭투어길, 시흥리, 오조리 해안길 그리고 성산 일출봉과 광치기 해변길로 종결되는 테마가 있는 길들로 조합된 명품길인 것 같다. 길이 구불구불하여 우도와 성산일출봉이 번갈아 보이며, 해가 떠 있을 때도 장관이지만 해가 질 무렵에도 아름다운 하늘과 바다색을 뽐낸다.","제주 제주시 구좌읍 종달동길 3 종합복지회관 - 내비게이션에 ‘종달리사무소’ 입력 - 제주공항에서 44.1km 위치, 약 1시간 18분 소요",33.4926569,126.9005177,,"장애인 주차장 유무: 없음, 장애인 주차 대수: -, 위치: 종달리 사무소 (제주 제주시 구좌읍 종달동길 3 종합복지회관)","장애인 화장실: 없음, 구분: -, 위치: -, 주변(대체)화장실: 우도도항선 대합실 화장실 (제주시 구좌읍 해맞이해안로 2281)","1. 주차장 → 2. 퐁낭, 올레길 표지판 → 3. 올레길 스탬프 지점→ 4. 정자(반환점, 뷰포인트)","1. 주차장 → 2. 퐁낭, 올레길 표지판 → 3. 올레길 스탬프 지점→ 4. 정자(반환점, 뷰포인트)","봄, 여름, 가을, 겨울, ●, ●, ●, ●",연중무휴,없음,없음,없음,없음,"지적장애인: ●, 동행인 / 보호자 동반 추천, 휠체어 이용인(수동): ●, 동행인 / 보호자 동반 추천, 휠체어 이용인(전동): ●, 보행가능한 지체장애인: ●, 청각장애인: ●, 시각장애인: ●, 동행인 / 보호자 동반 추천",
종달항과 해안길,"아름다운 자연경관을 자랑하는 우도까지 약 10분 만에 도착하는 배를 탈 수 있는 종달항 부두의 방파제에서 바다와 함께 우도, 성산일출봉, 지미봉 뷰를 감상할 수 있고 해안도로를 걸으며 넓은 바다와 돈짓당, 왓불턱(해녀들이 옷을 갈아입고 바다로 들어갈 준비를 하는 곳)을 감상할 수 있다.","제주 제주시 구좌읍 종달리 484-10 - 내비게이션에 ‘종달항’ 입력 - 제주공항에서 46.9km 위치, 약 1시간 17분 소요",33.4965344,126.9114739,,"장애인 주차장 유무: 없음, 장애인 주차 대수: -, 위치: 종달항 (제주 제주시 구좌읍 종달리 484-10)","장애인 화장실: 있음, 구분: 남녀구분, 위치: 종달항 외부화장실, 주변(대체)화장실: 성산국민체육센터(차로 9분)",1. 주차장 → 2. 종달항 남 방파제 → 3. 종달항 동 방파제 → 4. 돈짓당 → 5. 왓불턱,1. 주차장 → 2. 종달항 남 방파제 → 3. 종달항 동 방파제 → 4. 돈짓당 → 5. 왓불턱 → 6. 종달리 전망대 (계단 26개),"봄, 여름, 가을, 겨울, ●, ●, ●, -",연중무휴,없음,없음,없음,없음,"지적장애인: ●, 동행인 / 보호자 동반 추천, 휠체어 이용인(수동): ●, 동행인 / 보호자 동반 추천, 휠체어 이용인(전동): ●, 보행가능한 지체장애인: ●, 청각장애인: ●, 시각장애인: ●, 동행인 / 보호자 동반 추천",
중문단지축구장과 대포연대,스노쿨링 동호인들 사이에서 알려진 스노쿨링하기 좋은 곳이자 화산섬의 청정해안을 볼 수 있는 숨은 비경이다. 대포연대 부근 산책로에서 뷰를 감상할 수 있고 낮과는 다르게 저녁 노을을 감상하기도 좋은 곳이다.,"제주 서귀포시 대포동 2499 - 내비게이션에 ‘중문단지축구장’ 입력 - 제주공항에서 42.2km 위치, 약 1시간 소요",33.2347653,126.4331858,,"장애인 주차장 유무: 없음, 장애인 주차 대수: -, 위치: 중문단지 축구장 (제주 서귀포시 대포동 2499)","장애인 화장실: 있음, 구분: 남녀공용, 위치: 중문단지 축구장, 주변(대체)화장실: -",1. 주차장 → 2. 마을공동어장  → 3. 스노클링 포인트 → 4. 대포연대 → 5. 산책로 → 6. 야자수길  → 7. 뷰포인트  → 8. 해녀 조형물 → 9. 야자수길,1. 주차장 → 2. 마을공동어장  → 3. 스노클링 포인트 → 4. 대포연대 → 5. 산책로 → 6. 야자수길  → 7. 뷰포인트  → 8. 해녀 조형물 → 9. 야자수길 →\u3000１０. 쉼터 → 11. 숲터널1 → 12. 숲터널2,"봄, 여름, 가을, 겨울, ●, ●, ●, ●",연중무휴,없음,없음,없음,없음,"지적장애인: ●, 동행인 / 보호자 동반 추천, 휠체어 이용인(수동): ●, 동행인 / 보호자 동반 추천, 휠체어 이용인(전동): ●, 보행가능한 지체장애인: ●, 청각장애인: ●, 시각장애인: ●, 동행인 / 보호자 동반 추천",
칠머리당터와 건입동 벽화거리,칠머리당은 음력 2월에 바다의 평온과 풍작 및 풍어를 기원하는 영등굿이 열렸던 장소이다. 건입동 벽화거리에는 제주를 상징하는 그림이 골목길 벽을 채우고 있어서 제주 현지의 골목 정취를 느끼기에 적당한 곳이다.,"제주 제주시 건입동 933 - 내비게이션에 ‘제주시 건입동 933’ 입력 - 제주공항에서 5.6km 위치, 약 19분 소요",33.5104135,126.4913534,,"장애인 주차장 유무: 있음, 장애인 주차 대수: 3, 위치: 칠머리당터 소공원 앞","장애인 화장실: 없음, 구분: -, 위치: -, 주변(대체)화장실: 사랑봉 다목적체육관 (제주 제주시 동문로 169)",1. 주차장 ⟶ 2. 칠머리당터 ⟶ 3. 건입동 벽화거리 ⟶ 4. 마을길,1. 주차장 ⟶ 2. 칠머리당터 ⟶ 3. 건입동 벽화거리 ⟶ 4. 마을길,"봄, 여름, 가을, 겨울, ●, -, ●, -",연중무휴,없음,없음,없음,없음,"지적장애인: ●, 동행인 / 보호자 동반 추천, 휠체어 이용인(수동): ●, 동행인 / 보호자 동반 추천, 휠체어 이용인(전동): ●, 보행가능한 지체장애인: ●, 청각장애인: ●, 시각장애인: ●, 동행인 / 보호자 동반 추천",
태흥2리 옥돔마을 포구길,"태흥1리와 태흥3리 사이에 있는 태흥2리 옥돔 마을은 수산자원이 풍부한 마을이다. 또 한 포구 산책길에는 마을에서 운영하는 카페와 야외 테이블이 있어, 바다를 바라보며 산책을 하고 커피 한잔을 즐길 수 있는 고즈넉한 장소 이다.","제주 서귀포시 남원읍 남태해안로 508 - 내비게이션에 ‘태흥2리 포구’ 입력 - 제주공항에서 43km 위치, 약 1시간 10분 소요",33.2872803,126.7504696,,"장애인 주차장 유무: 없음, 장애인 주차 대수: -, 위치: 태흥2리 포구 공터 주차장","장애인 화장실: 있음, 구분: 남녀구분, 위치: 태흥2리 체육공원 (제주 서귀포시 남원읍 남태해안로 502), 주변(대체)화장실: -",태흥2리 포구 주차장 → 2. 옥돔마을 표지판과 안내도 → 3. 태흥2리 체육공원 → 4. 서 방파제 → 5. 간이옥돔역 카페 → 6. 야외수영장 → 7. 자전거길 진입로 → 8. 태흥2리 어촌계 유판장,태흥2리 포구 주차장 → 2. 태흥2리항 동 방파제 → 3. 옥돔마을 표지판과 안내도 → 4. 태흥2리 체육공원 → 5. 서 방파제 → 6. 간이옥돔역 카페 → 7. 야외수영장 → 8. 자전거길 진입로 → 9. 2리 어촌계 유판장,"봄, 여름, 가을, 겨울, ●, ●, ●, ●",없음,없음,없음,없음,없음,"지적장애인: ●, 동행인 / 보호자 동반 추천, 휠체어 이용인(수동): ●, 동행인 / 보호자 동반 추천, 휠체어 이용인(전동): ●, 보행가능한 지체장애인: ●, 청각장애인: ●, 시각장애인: ●, 동행인 / 보호자 동반 추천",
퍼시픽 마리나 요트공원,"퍼시픽랜드는 내부에 다양한 즐길 거리가 있어 어린이, 청소년, 어른까지 모두가 이용할 수 있는 곳이다. 요트와 바다 전망이 아름다워 포토스팟이 많으며, 산책하기 좋은 관광지 이다.","제주 서귀포시 중문관광로 154-17  - 내비게이션에 ‘퍼시픽리솜 2주차장’ 입력 - 제주공항에서 40km 위치, 약 1시간 소요",33.5104135,126.4913534,,"장애인 주차장 유무: 있음, 장애인 주차 대수: 5, 위치: 퍼시픽리솜 2주차장","장애인 화장실: 있음, 구분: 남녀공용, 위치: 퍼시픽랜드 화장실, 주변(대체)화장실: -","1.주차장 → 2.퍼시픽랜드 산책로( 포토존, 요트 모형물 → 인공폭포 포토존 → 오션뷰 포토존 )","1.주차장 → 2.퍼시픽랜드 산책로( 포토존, 요트 모형물 → 인공폭포 포토존 → 오션뷰 포토존 )","봄, 여름, 가을, 겨울, ●, ●, ●, ●",연중무휴,없음,없음,없음,없음,"지적장애인: ●, 동행인 / 보호자 동반 추천, 휠체어 이용인(수동): ●, 동행인 / 보호자 동반 추천, 휠체어 이용인(전동): ●, 보행가능한 지체장애인: ●, 청각장애인: ●, 시각장애인: ●, 동행인 / 보호자 동반 추천",
표선해수욕장,"둥그런 호수 같은 모양의 백사장이 아름다운 곳으로 주변 곳곳에 소나무 숲으로 울창한 잔디밭은 야영하기 적합한 장소이다. 또한, 각종 편의시설이 근방에 있기 때문에 오롯이 표선의 아름다움을 감상할 수 있다.","제주 서귀포시 표선면 표선리 44-14 - 내비게이션 ‘표선해수욕장 샤워장’ 입력 - 제주공항 43.8km 위치, 약 1시간 10분 소요",33.3272829,126.8376558,,"장애인 주차장 유무: 없음, 장애인 주차 대수: -, 위치: 표선해수욕장 주차장 (제주 서귀포시 표선면 표선리 44-14)","장애인 화장실: 있음, 구분: 남녀구분, 위치: 표선해수욕장 맞은편 주차장 (제주 서귀포시 표선면 표선리 44-4), 주변(대체)화장실: -",1. 표선해수욕장 맞은편 주차장 입구 → 2. 화장실 → 3. 표선 해수욕장 표지판 → 4. 잔디밭 야외무대 → 5. 해수욕장 산책로  6. 음수대 → 7. 생활체육시설 → 8. 나무그늘쉼터,1. 주차장 → 2. 화장실 → 3. 샤워장 / 정자 → 4. 띠 동물 십이지상 건립 기념비 → 5. 해수욕장 산책로 → 6. 잔디밭 야외무대 → 7. 음수대 → 8. 생활체육시설 → 9. 나무그늘쉼터,"봄, 여름, 가을, 겨울, ●, ●, ●, ●",연중무휴,없음,없음,없음,없음,"지적장애인: ●, 동행인 / 보호자 동반 추천, 휠체어 이용인(수동): ●, 동행인 / 보호자 동반 추천, 휠체어 이용인(전동): ●, 보행가능한 지체장애인: ●, 청각장애인: ●, 시각장애인: ●, 동행인 / 보호자 동반 추천",
하모해수욕장,"올레길 10코스가 지나가는 길로 한적하게 바닷가를 보며 산책하기 좋은 곳이다. 현무암 돌무더기와 검은 모래 해변의 조망은 압권이라 할 수 있고, 산책로를 따라 걷다 보면 다양한 조형물과 곳곳에서 포토스팟을 만날 수 있다. 또한 운진항에서의 산방산 뷰 와 마라도 가파도 뷰를 한 곳에서 보고 느낄 수 있다.","제주 서귀포시 대정읍 하모리 276 - 내비게이션에 ‘하모해수욕장 주차장’ 입력 - 제주공항에서 44km 위치, 약 1시간 소요",33.2110709,126.260619,,"장애인 주차장 유무: 없음, 장애인 주차 대수: -, 위치: 하모해수욕장 주차장 (제주 서귀포시 대정읍 하모리 276)","장애인 화장실: 있음, 구분: 남녀구분, 위치: 가파도 마라도 정기여객선 (제주 서귀포시 대정읍 최남단해안로 120), 주변(대체)화장실: -",1. 하모해수욕장 무료 주차장 → 2. 해안 산책로 시작 → 3. 전망대(반환점) → 4. 포토스팟 → 5. 하모해수욕장 화장실 → 6. 쉼터 정자(우측) → 7. 말 조형물 ‘가족’ → 8. 가파도 마라도 정기여객선 대기실 → 9. 방파제 입구 → 10. 물고기 조형물(우측) → 11. 뷰포인트 → 12. 모슬포 남항 서방파제 등대(반환점),1. 하모해수욕장 무료 주차장 → 2. 해안 산책로 시작 → 3. 전망대(반환점) → 4. 포토스팟 → 5. 하모해수욕장 화장실 → 6. 쉼터 정자(우측) → 7. 말 조형물 ‘가족’ → 8. 가파도 마라도 정기여객선 대기실 → 9. 방파제 입구 → 10. 물고기 조형물(우측) → 11. 뷰포인트 → 12. 모슬포 남항 서방파제 등대(반환점),"봄, 여름, 가을, 겨울, ●, ●, ●, ●",연중무휴,없음,없음,없음,없음,"지적장애인: ●, 동행인 / 보호자 동반 추천, 휠체어 이용인(수동): , 휠체어 이용인(전동): , 보행 가능한 지체장애인: , 청각장애인: , 시각장애인: ",
한수리 방파제길,"한수리 방파제 길은 많은 사람에게 알려지지는 않아 한적하면서도 산책하기 좋은 나만의 간직하고 싶은 숨은 명소이다. 혼자만의 사색을 즐기기에도, 연인과 산책하기에도 좋으며, 곧고 길게 뻗은 방파제 길은 드넓은 바다와 비양도의 풍경과 어우러져 가슴이 탁 트인다. 전체적으로 평평한 시멘트길로 되어 있어 접근성이 좋은 곳이다. 파도가 너무 세거나 바람이 강하게 부는 날에는 주의가 필요하다.","제주 제주시 한림읍 한림해안로 229-16 내비게이션에 ’톤대섬(제주 제주시 한림읍 톤대섬)‘ 입력 제주공항에서 27.5km 위치, 약 42분 소요",33.5104135,126.4913534,,"장애인 주차장 유무: 없음, 장애인 주차 대수: -, 위치: 한수어촌계 공동작업장 (제주 제주시 한림해안로 229-16)","장애인 화장실: 없음, 구분: -, 위치: -, 주변(대체)화장실: 한림항 도선 대합실 뒤편 공영 화장실 (제주 제주시 한림읍 한림해안로 196)",1. 한수어촌계 공동작업장 공터 주차장 → 2. 방파제길 시작 → 3. 한림 조선소 앞 → 4. 한림항 방파제 등대(반환점) → 5. 한림 조선소 앞 → 6. 방파제길 시작점 → 7. 한수어촌계 공동작업장 공터 주차장,1. 한수어촌계 공동작업장 공터 주차장 → 2. 방파제길 시작 → 3. 한림 조선소 앞 → 4. 한림항 방파제 등대(반환점) → 5. 한림 조선소 앞 → 6. 방파제길 시작점 → 7. 한수어촌계 공동작업장 공터 주차장,"봄, 여름, 가을, 겨울, ●, ●, ●, -",연중무휴,없음,없음,없음,없음,"지적장애인: ●, 동행인 / 보호자 동반 추천, 휠체어 이용인(수동): ●, 동행인 / 보호자 동반 추천, 휠체어 이용인(전동): ●, 보행가능한 지체장애인: ●, 청각장애인: ●, 시각장애인: ●, 동행인 / 보호자 동반 추천",
행원리 풍차마을,행원리 풍차마을은 바람이 많은 곳이라 국내 최초 풍력발전단지가 들어선 마을이다. 바다와 풍차가 어우러진 풍경을 보며 걸을 수 있으며 코스에 방파제가 많아 바다를 가까이서 볼 수 있다.,"제주 제주시 구좌읍 해맞이해안로 712-3  - 내비게이션에 ‘제주 신재생 에너지홍보관’ 입력 - 제주공항에서 35km 위치, 약 55분 소요",33.5290971,126.8463777,,"장애인 주차장 유무: 있음, 장애인 주차 대수: 8면, 위치: 제주 제주시 구좌읍 해맞이해안로 712-3","장애인 화장실: 있음, 구분: 남녀구분, 위치: 신재생에너지홍보관 화장실, 주변(대체)화장실: -",1.주차장 → 2.오저여 → 3.해안 산책로 → 4.행원리 마을 산책로 → 5.팽나무 그늘  → 6.용천수탕/소공원 → 7.등대,1.주차장 → 2.오저여 → 3.해안 산책로 → 4.행원리 마을 산책로 → 5.팽나무 그늘  → 6.용천수탕/소공원 → 7.등대,"봄, 여름, 가을, 겨울, ●, ●, ●, ●",연중무휴,없음,없음,없음,없음,"지적장애인: ●, 동행인 / 보호자 동반 추천, 휠체어 이용인(수동): ●, 동행인 / 보호자 동반 추천, 휠체어 이용인(전동): ●, 보행가능한 지체장애인: ●, 청각장애인: ●, 시각장애인: ●, 동행인 / 보호자 동반 추천",
향기마을 용흥리,"감귤밭과 동백나무 길로 이루어진 한적한 산책로를 지나며 마을 곳곳에 그려진 아기자기한 벽화를 감상하며 풍요로운 시골의 풍경을 느낄 수 있다. 마을 길 전체가 평탄한 아스팔트 길로 휠체어 이용인의 접근성이 좋지만, 장애인 화장실이 없어 차량으로 약 10분 거리에 있는 연화못 화장실을 이용해야 한다.","제주특별자치도 제주시 애월읍 신엄리 1873-5 - 내비게이션에 ‘용흥리 상동 버스정류장(용흥리방면)’ 입력 - 제주공항에서 16.7km 위치, 약 32분 소요",33.4559953,126.3699558,,"장애인 주차장 유무: 없음, 장애인 주차 대수: -, 위치: 용흥리 상동 정류장 - (용흥리방면) (정류장 옆 공터주차장)","장애인 화장실: -, 구분: -, 위치: -, 주변(대체)화장실: 하가리 연화못 화장실(제주시 애월읍 하가리 1569-5)",1. 주차장 → 2. 동백나무길 → 3. 감귤밭  → 4. 벽화 거리  → 5. 용흥리 새마을회관 → 6. 벽화거리  → 7. 주차장,1. 주차장 → 2. 동백나무길 → 3. 감귤밭 → 4. 벽화 거리  → 5. 용흥리 새마을회관 → 6. 벽화거리  → 7. 주차장,"봄, 여름, 가을, 겨울, ●, ●, ●, ●",연중무휴,없음,없음,없음,없음,"지적장애인: ●, 동행인 / 보호자 동반 추천, 휠체어 이용인(수동): ●, 동행인 / 보호자 동반 추천, 휠체어 이용인(전동): ●, 보행가능한 지체장애인: ●, 청각장애인: ●, 시각장애인: ●, 동행인 / 보호자 동반 추천",
건강과 성박물관,"세계 최대, 최초의 제 1종 성 전문 박물관인 `건강과 성 박물관′은 성건강과 성교육을 중심 테마로 합니다. 더불어 세계의 다양한 성문화를 보면서 성에 대한 통시적이며 공시적인 의미를 알아갈 수 있는 공간입니다. 우리 자신과 상대의 몸과 마음, 그리고 우리를 둘러싼 사회적 성 문화를 제대로 알았을 때 더 건강하고, 멋진 성을 구현할 수 있습니다. 한 개인으로서 뿐만 아니라 사회적인 구성원으로 성적복지를 위해, 다양한 성교육 프로그램과 전시들을 통해 건강하고 더 행복한 삶을 위해 노력하는 `건강과 성 박물관′은 성에대해 가볍지 않고, 자세히 분석했으며 2층은 예술품 위주로 되어 있어 미술관 느낌으로 관람할 수 있는 장소이다.",제주특별자치도 서귀포시 안덕면 일주서로 1611,33.2547254,126.3455651,064-792-5700,"장애인 주차장 유무: 있음, 장애인 주차 대수: 5, 위치: 정문에서 들어가면 주 출입구에 가깝다.","장애인 화장실: 있음, 구분: 남여구분, 위치: 일반화장실 1 – 2F 승강기 옆, 주변(대체)화장실: -/출입문 폭 82cm/ 대변기~출입문 113cm/ 좌 27cm 우 119cm",주차장- 주출입구-매표소-기념품 매장-1전시관(1F)-2전시관 이동시 경사로 이용 길이 710CM/ 8도—2전시관(1F)-세계성문화전시관(1F)-3전시관(1F) 관람후 승강기 이동 2F-특별전시관 옆 경사로 지나-2F 관람시작-예술작품 전시(2F)-특별전시관(2F)-기념품 매장(2F)-1F 이동 승강기로 이동–야외전시장-주차장으로 회귀,,,"09:00 - 봄/가을(3-4월/9-11월) 19:00, 여름(6-8월) 20:00, 겨울(12-2월) 18:00, 마감 1시간 전 입장가능","일반 12,000원/경로 10,000원/경로단체 9,000원/장애인단체 7,000원,도민. 국가유공자. 장애인- 신분증 소지자에 한하여 할인 요금 적용,도민 10,000원","수동휠체어:2,유아차:2","자동제세동기:1,전동휠체어 급속충전기:1, 승강기:1",,,"전체 관람로가 연결되있어 어려움 없이 관람이 가능하나, 휠체어 이용인은 1층 관람 후 승강기로 이동 하여 2층 관람을 시작한다."
김만덕기념관,"의인 김만덕의 삶과 정신을 되돌아보며, 그녀의 나눔 정신을 배워보는 스토리텔링이 있는 관광지이다.  만덕은 막대한 부를 쌓았지만 늘 검소하게 살면서 ‘풍년에는 흉년을 생각해 절약하고, 편안하게 사는 사람은 고생하는 사람을 생각해 하늘의 은덕에 감사하며 검소하게 살아야한다’는 생활철학을 실천하며 이웃의 어려움을 외면하지 않았다. 조선시대 처음으로 부자의 사회적 책임을 다한 여성으로 기려진다. 김만덕 기념관은 실내관광지로 계절과 날씨에 상관없이 관광을 즐길 수 있는 곳이다.  건물 뒤편의 작은 공원의 흐르는 냇물에서 무더운 여름날 가족단위로 쉼을 갖는 것도 추천해본다.",제주특별자치도 제주시 산지로 7,33.5158954,126.5304318,064-759-6090,"장애인 주차장 유무: 있음, 장애인 주차 대수: 1, 위치: 산짓물 공영주차장 (제주시 건입동 1328)","장애인 화장실: 있음, 구분: 남녀구분, 위치: 김만덕기념관 1층, 주변(대체)화장실: -",김만덕기념관 장애인주차장 시작 ~ 김만덕기념관 주출입구 정문 ~ 실내관람 ~ 기념관 후문 ~ 야외공원(금산수원지생태원) ~ 다리 ~ 물사랑홍보관 ~ 산지로 ~ 장애인주차장.,,,"09:00 – 18:00 (휴관일 : 매주월요일, 1월1일, 설날, 추석)",없음,"수동휠체어:3, 유아차:2","자동심실제세동기:1, 전동휠체어 급속충전기:1",,,"김만덕기념관은 실내관광지이며 실내에 승강기가 있어서 불편함없이 관람을 하는데 에는 문제가 없다.  다만, 장애인주차장 1면이 건물 북쪽에 위치하고있는데, 주차 후 다시 건물 정문쪽으로 이동하여 관람을 시작하여야한다. 그리고, 건물 뒷쪽의 작은 공원은 실내 관람후 휴식하며 즐길 수 있다. 이동약자가 즐기기에는 계단과 노면상태를 참조하면 되겠다."
김영갑갤러리두모악,"제주를 고향만큼 사랑했던 사진작가의 이야기가 담긴 장소로 1980년 우연히 찾아간 제주에서 의외의 풍경에 매료되어 루게릭이라는 고초의 질병과도 싸우며 작품활동을 하였는데, 페허가 되어버린 초등학교를 개조해 열정을 담은 작품들을 갤러리에 남겨두고 홀연히 떠났다. 작은 토우들이 반겨주는 야외정원과 정겨운 학교 건물이 반갑다. 타지 인이 바로 본 제주의 모습은 어떨까. 여행을 온 관람객은 제주의 풍경에 빠지고 현지인은 가까이하면서 보지못한 풍경에 한번 더 놀란다. 전시관 영상실 다큐에서 김영갑작가님의 한마디가 가슴을 적신다. ‘제주에는 말로 표현되지 않고 눈에 보이지는 않지만 사람들을 편안하게 하는 평화로움이 분명히 존재해요’",서귀포시 성산읍 삼달로 137,33.3719327,126.8543753,064-784-9907,30대 일반차량을 주차할 수 있다. 전기차 충전기 2대 있다. 장애인 전용주차구역 있으며 바닥면에 안내표시되어 있다,"장애인 화장실: 있음, 구분: -, 위치: 갤러리 입구 좌측 건물 밖, 주변(대체)화장실: -,",❶ 주차장 ~ ❷주출입구 (철문) ~ ❸야외정원 ~ ❹매표소 ~ ❺아트샵 ~ ❻영상실 ~ ❼두모악관 ~ ❽유품전시실 ~ ❾하날오름관 ~ 회귀 반환하여 주출입구를 통해 야외정원을 거쳐 주차장으로 관람 종료한다.,,,"봄   ( 3월~ 6월) 09:30~18:00,가을 ( 9월~10월) 09:30~18:00,여름 ( 7월~ 8월) 09:30~18:30,겨울 (11월~ 2월) 09:30~17:00","일반 4,500원,청소년/군인/국가유공자/제주도민 3,000원,어린이 1,500원,장애인 1~3급 복지카드 소지 본인만 무료",없음,없음,,,"보조기기 이용인은 낮은 턱들이 다소 군데군데 놓여있어 시선이 자꾸 바닥에 머물 때 가 있다. 그러나 갤러리에서의 당부되는 관람예절 때문일까 관람이 여유롭다 그래서인지 조심마저 조용한 쉼이 되는 것 같다. 따라서 천천히 안전을 확인하면서 감상을 이어가면 무난하게 관람 할 수 있다.,관람 중간 동행인의 도움이 예상된다."
낚고락고,"제주시 조천읍에 위치한 낚고락고는 제주 해안중에서도 아름답기로 손꼽을 수 있는 곳에 자리잡고 있다.  낚시체험뿐만 아니라, 오감으로 제주의 그대로를 느껴볼 수 있는 관광지중 하나이다. 낚시체험도 하고, 추가비용을 지불하면 잡은 물고기를 시식 혹은 포장이 가능해서 많은 사람들이 재미있는 경험과 추억을 즐겨볼 수 있는 관광지이기도 하다. 낚시체험을 통하여 느껴보는 손맛도 있고, 기념사진도 찍으며 추억도 만드는 낚고락고는 색다른 체험과 제주의 아름다운 바다도 느끼며 함께한 이와의 작은 추억을 만들어볼 수 있는 관광지이다.  낚고락고는 야외관광지이지만 낚시하는 곳에는 지붕이 있어서 우천시에도 체험을 즐길 수 있는 곳이긴하다.  다만, 날씨가 추운 겨울에는 야외라는 특성상 추천하지는 않지만, 날씨가 좋은 봄과 가을에는 제주바다를 직접 느껴보기에 충분한 관광지이다.  낚시를 하면서 체험도하고, 아름다운 제주 바다도 즐기기에 적합한 관광지 중 하나이다. ",제주특별자치도 제주시 조천읍 조함해안로 247-2,33.550596,126.6474337,064-783-8855,"주차구획이 그려져있지않고, 노면도 자갈이다.  별도의 장애인주차구역이 마련되어 있지않다.","장애인 화장실: 있음, 구분: -, 위치: 제주항일기념관 동쪽 주차장 옆 외부화장실, 주변(대체)화장실: 낚고락고 주출입구 옆 건물,,","주차장에서 데크길로 갈때에 10cm 정도의 턱이 있고, 주출입구 통로로 이동하기위해서 4.5cm의 턱이 있다.  연결 통로는 약 12도정도의 내리막(8.5m)이 있다.  이부분을 유념하여 이동하여야한다. (*연결통로는 바다라는 특성상 조수간만의 차에 따라 각도가 변동될 수 있으므로 이부분 참조해야한다.)",,"봄, 가을","10:30 ~ 18:00 (연중무휴) - 17:00 입장 마감, 주말/동절기 시간 변동","일반낚시체험 : 15,000원/60분/인 (제한어종있고, 기본적으로 잡은 물고기는 바로 방생함),오감만족체험 : 5,000원/40분/인 (직접 낚은 물고기를 무게 측정 후 추가비용 지불하고 시식/포장 가능)",없음,없음,,,"낚고락고는 데크길을 통해서 바지(barge)로 통로를 이용하여 진입해야하는데, 데크길에 10cm 턱이 있으며 통로 주출입구에는 4.5cm의 턱이 있는 점을 유념해야한다.  그리고, 장애인화장실이 없어서, 약 2.5km 떨어진 제주항일기념관 주차장 옆에 위치한 장애인화장실을 추천한다."
도두무지개해안로,"밋밋한 색상으로 칠해져 있던 안전 방호벽을 무지개색으로 채색을 하면서 새롭게 탈바꿈한 관광지이다. 파란 제주 하늘과 그 아래로 끝없이 펼쳐진 수평선을 마주할 수 있는 해안로에 물들은 아름다운 색들로 조성된 이 해안로는 제주공항에서 가장 가까운 곳에 있어서 여행 전후로 또는 가볍게 거닐거나 차량을 이용해서 드라이브를 즐길 수 있는 곳이다. 편도 600m 정도의 이 해안로는 인도를 경유하여 구경을 할 수 있어서 휠체어를 이용하여 접근하기도 매우 쉬운 곳이다. 중간중간 색다른 조형물들이 반겨주고, 사진을 찍으면 아름답게 나오는 장점이 있어서 남녀노소 가리지 않고 해당 해안로를 방문한다. 앞으로는 바다, 뒤로는 한라산으로 어떻게 보면 가장 간단하면서도 기본적인 제주스러움을 느낄 수 있는 곳이다. 바로 옆에 공항이 인접하고 있어서 기회가 좋으면 뜨고 내리는 비행기도 볼 수 있다.  장애인 전용 주차장이 없어서 이용시 불편하지만, 안전한 인도로 내릴 수 있는 한줄 주차장이 해안로를 따라 형성되어 있어서 좋다. 자가운전을 하는 장애인은 이용하기 어렵다.",제주 제주시 도두일동 1734 일원,33.5093822,126.4724912,,도두사수항내 홀케물 옆에 있는 장애인 주차장을 이용 한다.,"장애인 화장실: 있음, 구분: -, 위치: 도두사수항내 홀케물 옆 화장실/도두봉 아래 섬머리 화장실(무지개해안로 서측)/도두봉 오래물 주차장 화장실(무지개해안로 서측), 주변(대체)화장실: -",도두사수항 주차장 – 무지개해안로(해녀 · 낚시꾼 · 소년 · 소녀 · 돌고래 · 거북이 등 조형물) - 반환점,,,"연중무휴, 운영시간은 정해져 있지 않음",없음,없음,없음,,,장애인주자장이 있는 도두사수항에서 출발을 하여 인접한 인도까지 차도를 경유하기에 접근시 주의가 필요하다. 골목이지만 상권이 자리잡고 있어서 차량의 출입이 매우 높다. 높은 인도를 따라 이동하는 도두 무지개해안로는 건너편에 있는 한 줄 주차장에 주차하고 횡단보도를 건너야 한다. 이동거리는 약 120m이다. 이 횡단보도는 큰 턱이 있다. 보조기기 이용자는 옆으로 돌아서 와야 한다. (이동시 주의요망)
무민랜드,"핀란드 국민 작가 토베 안손의 무민트롤은 75년이 넘도록 많은 사랑을 받는 행복한 캐릭터 로 국내 최초의 무민 하우스 전시, 미디어 아트, 목공 아트 체험, 무민카페, 무민 기프트숍 무민 정원으로 운영되고 있어 무민랜드가 전하는 기븐 좋은 감성여행을 함께할 수 있는 장 소이다. 관람로가 잘 되어있어 층별로 동선을 따라 관광약자도 안전하게 관람이 가능하다.",제주특별자치도 서귀포시 안덕면 병악로 420,33.3065678,126.3818063,064-794-0420,정문에서 들어가면 주 출입구에 가깝다. 장애인 주차구역 5대,"장애인 화장실: 있음, 구분: 남여구분, 위치: B1 매표소 옆/B1 무민 기프트 숍, 주변(대체)화장실:-",B1 매표소- 월컴 포토죤- IF(휠체어 이용인 승강기로 이동) 토베안숀의 삶과 작품 소개– 캐릭터 소개- 무민의 다리(경사로 폭 64CM/ 길이 1.9M/ 3-5도)- 2F 경사로 이동(길이 50M /3-5도) 무민카페&북카페–영상관- 3F 경사로 (길이 52M / 2-3도)/ 미디어 아트/ 매직볼풀/ 아트 체험관/ 무민 3D MR 게임존-> RF 승강기 이동RF 무민정원 ( 출입구 턱 2CM/ 폭 81CM),,,연중무휴 / 10:00 – 19:00,"일반 15,000원/ 청소년 14,000원 / 경로 11,000원  / 소아 12,000원,도민.국가유공자.장애인- 일반요금에서 4,000원 할인,36개월 미만 무료 입장.",없음,승강기:1,,,"접근성이 좋아 관광약자 이용이 편리한 관광지이지만, 아쉽게도   IF 관람로 중 무민의 하우스는 1층부터 3층까지 계단으로 되어있어 관람이 어렵다."
빛의벙커,"제주 문화예술 여행지, 웅장한 음악과 움직이는 거대한 그림의 향연에 압도되는 곳으로, 철근 콘크리트 구조물에 흙과 나무로 덮어 산자락처럼 보이도록 위장한 벙커이다. 통신시설로 사용되던 공간(벙커)을 예술공간으로 재탄생한 빛의 벙커는 방어의 목적으로 설계된 벙커의 특성을 살려 프랑스 몰입형 미디어아트로 재탄생한  전시공간이다. 1층 단층 건물로 가로 100m, 세로 50m, 높이 10m, 내부 높이 5.5m에 달하며 내부에는 넓이 1m²의 기둥 27개가 나란히 있어 공간의 깊이감을 한층 살려주는 구조로 설계되어 있어, 전시실 곳곳을 자유롭게 돌며 작품과 내가 하나 되는 경험을 하는 할 수 있는 것이 특징이다.",제주특별자치도 서귀포시 성산읍 고성리 2039-22,33.439644,126.8998205,1522-2653,"제 2주차장에서 제 1주차장 까지의 거리는 1.1km이며, 제 2주차장에서 셔틀버스를 이용하여 빛의 벙커 입장할 수 있다.","장애인 화장실: 있음, 구분: 남여구분, 위치: 매표소 지나 왼쪽, 주변(대체)화장실:-/출입문 폭 93cm, 대/소변기~벽 20cm(좌), 114cm(우), 158cm(정면)",제1 주차장 (빛의벙커 입구 ) → 빛의 벙커 관람 → 바움커피박물관 (선택 사항 ) → 제1 주차장,제2 주차장 ( 셔틀버스 대기소 ) → 제1 주차장 (빛의벙커 입구 ) → 빛의 벙커 관람  → 바움커피박물관 (선택 사항 ) → 제1 주차장 → 제2 주차장,,"10시 – 18시 (10월-5월, 입장마감 17시),,10시 – 19시 (6월-9월, 입장마감 18시),*연중뮤휴","개인 - 일반 15,000원/미취학 8,000원/청소년 11,000/어린이 9,000원 단체 - 일반 13,000원/미취학 6,000원/청소년 9,000/어린이 7,000원","수동휠체어:2, 유아차:2",없음,,,"관람 주요 동선의 바닥면은 매끄럽게 마감되어 있어 이동이 용이하다. 다만 전시실 입장 시, 전시실 안이 컴컴하므로 주의가 필요하며, 전시실은 대체로 평평한 바닥으로 되어있어 보조기기 이용인도 편하게 관람할 수 있는 관광지다."
산지천갤러리(산짓물공원),"녹수장, 금성장이라는 이름의 여관 건물을 재생하여 만든 문화공간인 산지천 갤러리와 산지천을 따라 조성된 산짓물공원으로 이루어진 산책로이다. 산지천 갤러리는 건물들에 대한 사람들의 관심과 애정 어린 목소리를 통해 전시공간으로 새롭게 재탄생되었으며, 산지천을 따라 산지교, 산짓물전망대, 산지천갤러리 등 제주의 현재와 과거를 함께 느낄 수 있는 다양한 문화예술 콘텐츠를 제공하는 곳이다. ",제주시 중앙로 3길 36,33.5151533,126.5283418,064- 725- 1208,"주차장 위치는 산짓물공영주차장을 이용하고, 주차료는 30분주차 무료, 15분 초과 5백원, 30분 초과 1천원, 1일 주차는 1만원이다.","장애인 화장실: 있음, 구분: 남여구분, 위치: 매표소 지나 왼쪽, 주변(대체)화장실:-/출입문 폭 84cm,  대변기 좌: 132cm, 우: 22cm",산짓물공원 공영주차장 → 산짓물공원  → 산지천갤러리  → 테우 (산지천 공연장)  →흑산호 가공소터 ( 산지교 앞)  → 산지천 전망대 (반환)  → 흑산호가공소터  → 산짓물공원  → 산짓물공원 공영주차장,,,"10:00~18:00 /  입장 마감 17:00,*휴무일 : 매주 월요일, 법정공휴일, 재단개원일(4.5.), 근로자의날(5.1.)",없음,없음,승강기:1,,,산짓물 공원에는 지하 공영주차장이 있다. 지하 주차장에서 승강기를 이용하면 바로 산짓물 공원이다. 산책코스는 공원에서 산지천갤러리( 목욕탕 굴뚝이 보이는 곳) 관람 후 산지천 따라 산책하는 코스다. 거의 모든 보행로가 평탄하게 마감되어 있어 휠체어 이용인도 이용에 어려움이 없다. 다만 공원에서 나오는 출구에 5도 내리막과 반환점인 전망대에 6도 오르막이 있어 주의가 필요하다.
서복전시관-정방폭포전망대,"1999년 2월 27일 문화관광부 전국 7대 문화관광권 개발사업으로 지정되어 2003년 9월 26일 개관하였으며, 전시관에는 서복상을 비롯한 진시황릉의 청동마차, 병마용 등 관련 자료들이 전시되어있다. 서복전시관은 실내전시관과 야외산책로가 있어서 계절과 날씨에 상관없이 관람이 가능한 관광지이나, 야외산책로는 꽃피는 봄과 공활한 가을에 아름다운 서귀포 바다 풍경과 맑은 하늘을 즐기기에 적당하다.  밖으로 펼쳐지는 아름다운 풍경에 나도 모르게 홀리어 넋을 잃게된다. 서복 서복은 서불이라고도 불리며, BC255(제왕 10)년 진나라가 통일하기 전 제나라에서 태어났다. 서복의 고향은 진나라 당시 제군 황현 서향으로 오늘날 산동성 용구시이다. 한편 강소성 감유현 서부촌도 서복의 고향이라 전해진다. 서복은 제나라에서 태어나 자연스레 연·제나라의 신선사상 영향을 받아 방사【方士:천문·의학·신선술·점복(占卜)·상술(相術) 등을 연구하는 사람】가 되었다. 서복은 진시황의 명을 받고 불로장생약을 찾아 3,000여 명의 대선단을 거느리고 동도하였으나, 평원광택 (평탄한 들과 넓은 진펄)을 얻게 되자 나라를 세우고 다시 돌아가지 않았다고 한다. 최종 정착지로 알려진 일본에서 서복은 농·어업· 의약·주거문화·토기 등 야요이문화를 창달시켜 일본 경제 사회의 발전을 촉진시켰다고 전해진다. 서복은 선진문명을 전파한 문화의 사자로서, 한국·중국·일본에서는 매년 서복을 기리는 행사를 개최하고 있다. 서복과 서귀포 서복은 영주산(한라산)에서 불로초(영지버섯,시로미, 금광초, 옥지지 등)를 구한 후 서귀포 앞바다 정방폭포 암벽에 서불과지(徐巿過之:서복이 이곳을 지나갔다)라는 글자를 새겨놓아 서귀포의 지명유래가 서쪽으로 돌아간 포구라고 전해진다. 조선 말 학자 김석익이 편찬한 파한록에는 1877(고종 14년) 제주 목사 백낙연이 서불과지 전설을 듣고 정방폭포 절벽에 긴 밧줄을 내려 글자를 탁본하였다. 글자는 12자인데 글자 획이 올챙이처럼 머리는 굵고 끝이 가는 중국의 고대문자인 과두문자여서 해독할 수가 없었다.는 기록이 있다.",제주특별자치도 서귀포시 칠십리로 156-8,33.2447048,126.5709423,064-760-6361,"서복전시관의 주차장은 40면이 있으며, 장애인주차구역은 3면이 있다.","장애인 화장실: 있음, 구분: -, 위치: 서복전시관 주차장 동쪽 야외, 주변(대체)화장실:-/출입문 폭 90cm, 정면 120cm, 좌 30cm, 우 29cm",주차장 시작 ~ 매표소 ~ 전시관 입구 ~ 전시관 ~  정원 ~ 야외산책로 ~ 계단앞 ~ 주차장 ~ 불로초공원 ~ 다리 ~ 주차장 끝,,,연중무휴 / 09:00 – 18:00,"개인  성인 500원 / 청소년, 군인 300원 / 경로, 6세이하, 장애인, 국가유공자 무료 / 제주도민 50%할인,단체 성인 400원 / 단체 청소년, 군인 200원","수동휠체어:1, 유아차:1",없음,,,"서복전시관은 매표소에 계단이 4칸 있고, 주출입구에 6cm 턱이 있으며, 야외 산책로의 노면은 넓은 판석, 좁은 장애물, 계단 등이 있으니 이 부분을 감안하여 관광하면 되겠다."
세계자동차-피아노박물관,"자동차를 테마로하는 대표적인 박물관으로 2008년 아시아 최초의 개인소장 자동차박물관으로 개관했다. 2019년 우리나라 최초의 개인소장 피아노박물관도 추가로 개관해서 함께 운영중이다. 박물관은 2층건물로 되어있으며 1층과 2층에 자동차전시관이 있으며 세계최초 휘발유 내연기관 자동차로 세계최초로 특허를받은 벤츠 패턴드 자동차를 비롯하여 전세계 단 6대밖에 없는 목재자동차인 힐만 스트레이트8 등 희귀하고 다양한 자동차들을 시대별로 만날볼수 있다. 피아노박물관은 2층에 있으며 세계적인 조각가 오귀스트 로댕이 조각한 전 세계 단 한 대뿐인 피아노와 24K 황금으로 100% 수제제작된  피아노가 있으며 베토벤,쇼팽,하이든 등의 음악가들의 피아노와 얽힌 특별한 스토리등을 담은 다양한 피아노 예술픔을 만날 수 있다. 실내에서 음악체험관과 오르골만들기 체험, 1층야외에서 체험할수 있는 어린이 교통체험장이 있고 박물관이지만 야외에 동백정원과 우리나라 국토 최남단 마라도를 볼 수 있는 전망대 그리고 사슴광장에서 꽃사슴 먹이주기 체험, 곶자왈 생태탐방 숲길등 다양한 콘텐츠들로 사계절 볼거리와 즐길거리를 주는 박물관이다.",제주특별자치도 서귀포시 안덕면 중산간서로 1610,33.283212,126.3499189,064-792-3000,"세계자동차&피아노 박물관 주차장은 매표소쪽 일반주차장에 소형차량 100대, 전기차 4대 ,대형버스 7대의 주차공간이 있고 장애인 전용주차구역은 매표소를 지나 박물관앞에 주차면수 5면으로 조성되어 있다.","장애인 화장실: 있음, 구분: 남여구분, 위치: 박물관 1층 영상관 옆, 주변(대체)화장실:-/출입문 폭 80cm, 대변기~출입문 - 90cm / 대변기~ 정면 – 138cm /     대변기~벽 좌 – 20cm 우 - 52cm",주차장  -> 매표소 -> 박물관입구 -> 박물관1층 로비 -> 1층 영상관 -> 1층 자동차 전시관 -> 2층 전시관 진입 (휠체어 이용인은 엘레베이터 이용)  -> 2층 자동차 전시관  -> 2층 피아노박물관 -> 2층 음악체험장(오르골 만들기 체험장) -> 2층 전시관에서 1층 자동차 전시관 이동 (휠체어 이용인은 엘레베이터 이용) ->1층 자동차 전시관 -> 1층 차량분해 전시룸 -> 1층 기념품샵  -> 1층 로비 -> 사슴광장 -> 주차장,,,연중무휴 / 09:00 – 18:00 (입장마감 17시),"개인 - 성인 13,000원/청소년 12,000원/어린이 12,000원/군인,경로,장애인 10,000원 단체 - 성인 11,000원/청소년 10,000원/어린이 10,000원/군인,경로,장애인 9,000원",수동휠체어:2,자동심실제세동기:1,,,"매표소 주차장에서 출발해서 박물관가는길 중간에 경사 5도 ~ 10도 오르막길이 35m정도있어 수동휠체어 이용인,유아차,노약자는 주의가 필요하다.,박물관앞에 5대 주차가능한 장애인전용주차구역이 있어 해당차량은 이용할수 있다."
세계자연유산센터,"대한민국 최초 세계자연유산으로서의 상징성 확보, 유일한 유네스코 세계 자연유산으로서의 가치를 널리 알리기 위해 조성되었다. 유네스코 제주 세계자연유산센터에서 화산활동을 통해 생성된 제주 용암동굴, 한라산의 다양한 식생, 용암동굴, 미래의 자연유산등 제주자연의 숨결을 느끼고 경험 해 볼 수 있다. 또한 제주의 성장 과정과 역사적 배경을 잘 이해 할 수 있고, 왜 자연유산으로 남을 수 있었는지 이해할 수 있는 전시관이다.",제주 제주시 조천읍 선교로 569-36,33.4569963,126.7143064,064-710-6657,"세계자연유산센터에는 3군데 있으나, 세계자연유산센터 근처 주차장에 장애인 주차구역 4대, 일반주차 면수 46대 주차 가능하다.","장애인 화장실: 있음, 구분: 남여구분, 위치: 4D 영상관 오른쪽, 주변(대체)화장실:-/출입문 폭 82cm/자동문","주차장1(이해를 돕기 위해 주차장에 번호를 붙여 표시함) → 매표소 → 세계자연유산센터 입구 → 로비홀 → 상설전시실(일반적인 입구로 입장했을시 두걸음 “화산이 낳은땅,제주”에서 세걸음 “한라산의 숨소리룸”으로 진행하는 통로가 계단으로 되어 있어 상설전시실 일반적인 출구부분으로 입장하여야 함  → VR체험존 → 미래 세계자연유산제주 → 제주 해양생태계 → 조화가 빚어낸 예술, 용암동굴(바닥부분은 용암이 흐르는 모양을 조형물 처리하여 바닥이 울퉁불퉁함- 휠체어 이용자 주의를 요함) → 신비의 땅 검은오름  → 한라산의 숨소리룸에서 되돌아 나온다. → 4D 영상관 → 기획전시실 → 전망대 → 로비홀 → 본관 뒤쪽 산책로를 따라 주차장으로.",,,"매  일 09:00 ~ 18:00,휴관일 : 매월 첫째 화요일, 설날, 추석","개인 - 성인 3,000원/청소년,군인 2,000원/어린이 2,000원 단체 - 성인 2,400원/청소년 1,600원/어린이 1,600원","수동휠체어:2, 유아차:3",자동심실제세동기:1 전동휠체어 급속충전기:1,,,"장애인주차장에서 세계자연유산센터까지 바닥마감, 단차 등 불편함은 없다."
수목원테마파크-LED공원,"수목원테마파크는 각양각색의 볼거리를 제공함과 동시에 직접 참여하고 추억을 만들어 갈 수 있는 관광서비스를 제공하고 있다. ‘도심안의 작은 휴식처’라는 슬로건에 부합할 수 있도록 아이스뮤지엄, 5D영상관. VR관. 초콜릿, 아이스크림 체험관. 티셔츠그리기 체험관등 다양한 콘텐츠가 있고, 제주도에서 가장 오래되고 규모가 큰 소나무군락지에 ‘수목원 야시장’을 조성하여 운영하고 있다. 공원 주변에는 일반식당과 같은 먹거리들과 LED의 화려한 조명을 바라보며 산책할 수 있는 LED공원이 조성되어 있다.",제주특별자치도 제주시 은수길 69,33.4705937,126.4883601,064-783-2008,"본관 앞부분 주차장1과 뒷부분에 주차장2가 있고, 장애인 주차구역은 주차장1에  6대 가능하고, 일반차량 73대, 대형버스 31대, 전기차 충전소가 2대 설치되어 있다 (주차장1에서 주출입구로 진입시 주차장출구 턱 5cm 이 있다)","장애인 화장실: 있음, 구분: 남여구분, 위치: 수목원테마파크 실내 1층 오른쪽, 주변(대체)화장실:-/출입문 폭 103cm/자동문","주차장1 – 수목원테마파크 본관 실내(아이스뮤지엄, 5D 영상관, 3D 착시아트, 체험관등) - 수목원길(LED공원) -주차장",,,아이스 뮤지엄 09:00 ~ 21:00 (입장마감 20:00) LED 공원 09:00 ~ 22:00,"일반 성인 15,000원/청소년 14,000원/소인 14,000원 (그 외 사이트 참고)","수동휠체어:3, 유아차:3","자동제세동기:1, 승강기1",,,"수목원테마파크는 주차장에서 본관으로 진입시 주차장나오는 부분에 턱 5cm가 있으며,,수목원길 돌하르방길 진입시 바닥은 코에네트로 되어 있으며 오르막 6m/10도로 되어 있다."
아르떼뮤지엄,"10개의 미디어아트 전시공간으로 살아있는 것 같은 움직임에 변화하는 영상이 새로운 예술의 향연을 맛 본다. 아르떼 뮤지엄의 돋보적인 예술미는 아티스트, 수학자. 건축가, 엔지니어의 관계에서 태어난 창작, 더 나아가 인간과 자연의 경계를 허무는 팀 랩(teamLab)전시이다. 계절의 무관하게 실내를 관람할 수 있다.",제주시 애월읍 어림비로 478,33.3964708,126.3446147,064-710-6714,장애인 전용주차구역이 있으며 매표소로 바로 갈 수 있는 입구 앞에 위치 해 있다. 매표소까지는 약23m 경사로가 설치되어 있고 시각장애인을 위한 주출입구 연결 유도표시 선형블록이 설치되어 있다. 장애인주차구역 2개진입로 바로 앞에 위치하여 있다.,"장애인 화장실: 있음, 구분: 남여구분, 위치: ‘WORMHOLE’ 옆 통로, 주변(대체)화장실:-/출입문 폭 105cm,대변기~정면 110cm,대변기~벽 우 30cm 좌 63cm",❶ 주차장 ~ ❷주출입문 ~ ❸매표소 ~ ❹ ‘Entrance’ 입간판. 플로워 미디어 아트 관람시작 ~ ❺워터 폴 미디어 아트 ~ ❻가든 미디어 아트 ~ ❼⓭나이트사파리&문 아트 ~ ❽웨이브 미디어 아트 ~ ❿웜홀 미디어 아트 ~ ⓫비치 미디어 아트 ~ ⓬정글 미디어 아트 ~ 티 바 ~ 출구 ~ 관람로 끝.,,,"10:00 – 20:00(입장마감 19:00), 연중무휴","성인 15,000, 청소년 12,000원, 어린이 10,000원","수동휠체어:2, 유아차:2",,,,"전체 편평한 실내 관람로로 되어있다. STAR 전시아트 공간에서만 유리바닥으로 안전상 출입이 제한된다.  ,휠체어 이용자 또한 관람로 따라 관람이 편하다.,시각장애인을 위한 시각안내표시 점자블록은 주차장에서부터 주출입구까지 만 있으며 연속적 유도표시 선형블록과 출입문 앞 점형블록이 있다."
용수포구,제주특별자치도 제주시 한경면 용수리에 있는 어촌정주어항으로 전형적인 어촌마을의 소규모 어항으로 20척 미만의 어선이 정박하는 항구이다. 용수리포구 또는 용수포구로 더 많이 알려져 있으며 특히 일몰시 포구를 따라 차귀도와 와도(누운섬)의 풍광이 매우 아름다워 관광객들에게 많은 사랑을 받고 있다.,제주특별자치도 제주시 한경면 용수1길,33.3222155,126.1727875,,용수포구에는 주차구역 표시가 되어 있는 주차장과 장애인 주차구역은 없으나 공터가 있어 주차장으로 이용 중이다.,"장애인 화장실: 있음, 구분: 남여구분, 위치: 성김대건표착기념관 뒤편, 주변(대체)화장실:-/출입문 폭 80cm/미닫이","용수포구 공터 주차장에서 출발 – 차귀도방향으로 진행(와도, 차귀도조망) – 용수마을 방사탑 2호 – 정자가 있는 쉼터(반환) – 용수포구 – 차귀도 요트사무실 – 용수포구 등대(반환) – 용수포구 공터 주차장",,,연중무휴,없음,없음,없음,,,"용수포구 산책로는 바닥 면이 포장도로로 되어 있고, 높낮이가 평탄해서 보장구 이용자의 이동시 접근성이 좋다. 하지만 등대로 진입 시 내리막 9도/12m, 중간에 패임 구간이 있다. 바람이 심한 날에는 파도가 등대 가는 길을 방해할 수 있으니 또한 주의가 필요하다."
점보빌리지,점보빌리지 공연장은 건물건축 당시부터 휠체어 접근성을 고려하여 만들어진 곳으로 동남아 현지에서 볼수 있었던 코끼리를 주제로한 공연장이다. 동남아 현지조련사가 직접 공연에 출연하여 다양한 공연을 보여주며 관객이 직접참여하는 공연도 준비되어있다. 공연 후 전통의상을 차려입은 현지조련사와 코끼리를 배경으로 기념촬영을 할수 있는 포토타임등 다양한 이밴트가 있다.실내공연인 코끼리 테마쇼는 천여석의 좌석으로사계절 날씨 영향없이 공연을 볼수 있다는 장점이 있으며 휠체어 접근성이 좋고 휠체어 전용 관람석도 12석을 갖추고 있어 관람이 편리하다.,제주특별자치도 서귀포시 안덕면 평화로 319번길 31-11,33.27601,126.3050559,064-792-1233,장애인전용주차구역 4대,"장애인 화장실: 있음, 구분: 남여구분, 위치: 공연장건물내 왼쪽, 주변(대체)화장실:-/출입문 폭 85cm, 대변기~출입문 - 230cm / 대변기~ 정면 – 85cm /     대변기~벽 좌 – 23cm 우 - 91cm",주차장  -> 매표소 -> 공연장,,,"코끼리 테마쇼,연중무휴 /,하절기(4월1일 ~ 10월31일)  10시30분,13시30분,15시,16시50분 4회공연,동절기(11월1일 ~ 3월31일)  10시30분,13시30분,16시30분,3회공연,코끼리 트래킹 체험,연중무휴 / 매일 09시30분 ~ 17시30분 수시운영","코끼리 테마쇼 - 대인 15,000원/청소년 12,000원/소인 10,000원 코끼리 트래킹 체험 - 18,000원",,자동심실제세동기:1,,,"주차장에서 공연장 건물 진입시 휠체어 이용인은 건물 좌,우측 경사로 이용"
제주국제평화센터,"2005년 정부에서 제주도를 <세계평화의 섬>으로 지정하고 평화에 대한 홍보, 전시교육, 체험 등을 수행하기 위해 조성한 랜드마크 시설이다. 세계평화의 섬 이미지 구현의 구심적 역할을 수행하며, 세계의 많은 국가 정상들이 모여 평화와 상생을 교류하는 곳이다. 특히 동북아시아 중심지로서의 역할을 하는 곳이다. 제주는 천혜의 자연환경과 섬 문화를 소유한 세계적인 평화의 섬이며, 보물섬이다. 제주국제평화센터에서 미래로 도약하는 세계평화중심지의 위상을 느낄 수 있는 공간에서 소중한 시간을 가질 수 있는 공간이다. 제주국제평화센터 건물 외관은 수려하고 주 출입구에 야자수 나무가 즐비해 있어서 여행자의 마음을 설레게 한다. 제주여행 중 비가 오면 꼭 찾는 관광지며, 특히 관광약자 접근성이 좋다. 휠체어. 유아차, 엘리베이터 등 편의시설도 잘 설치되어 있다.",제주특별자치도 서귀포시 중문관광로 227-24 (중문관광단지 내) (우) 63546,33.2486522,126.4124374,064-735-6550,"장애인주차구역과 임산부 주차구역이 있으며, 전기차 충전기는 2대 충전 할 수 있도록 설치되어 있다. 바닥면은 구멍 큰 블록보드으로 되어 있다.","장애인 화장실: 있음, 구분: 남여구분, 위치: 1층 매표소 맞은편, 주변(대체)화장실:-/출입문 폭 79cm,  대변기 좌: 35cm , 우: 91cm, 대변기~ 정면 : 140cm",주차장 → 매표소 → 기획전기관 → 제1전시실 → 제2전시실 → 엘리베이터 이용 지하로 이동 →베릿내 문화 복합공간 → 제3전시실  →베릿내 문화복합공간 → 승강기 이용 1층으로 이동 → 야외전시실 → 주차장,주차장→ 매표소 → 기획전시실 → 제1전시실 → 제2전시실 → 계단을 이용하여 지하로 이동 →제3전시실 →베릿내 문화 복합공간 →  양쪽 계단 or 승강기를 이용하여 1층 이동 → 야외전시실 → 주차장,,"고정 휴무/ 매월 둘째, 넷째 월요일,            휴무일/ 1월 1일, 설날 및 추석 전. 당일","성인(20~64세)1,500원,           성인(20~64세) 단체(10인 이상)1,000원,           청소년(8~19세), 군인(하사 이하)1,000원,           청소년(8~19세), 군인(하사 이하) 단체(10인 이상)500원,           *무료 : 국가유공자, 장애인, 제주도민, 재외제주도민","수동휠체어:2, 유아차:4","자동심실제세동:1, 전동휠체어 급속 충전기:1",,,"제주국제평화센터는 대체로 관광약자에게 접근성이 좋은 관광지다. 보조기기 이용인은 1층 관람 후, 다음 제3 전시관으로 이동 시 매표소 앞에 있는 양문형 승강기를 이용하여 갈 수 있다."
제주아리랑공연장,"아리랑공연 혼은 2018년 평창동계올림픽 정식 초청작품으로 공연할만큼 뛰어난 예술미를 자랑하며 한국무용,두드림공연,태권뮤지컬이 결합된 작품으로 다양한 한국적인 문화요소를 융합해서 전통적이고 독특한 문화공연을 보여준다.전체 930석의 실내공연장으로 계절과 날씨에 관계없이 사계절 관람이 가능하다.",제주특별자치도 서귀포시 표선면 번영로2564-21,33.4029137,126.7789058,064-787-2258,장애인전용주차구역 4대,"장애인 화장실: 있음, 구분: 남여구분, 위치: 공연장 외부 왼쪽, 주변(대체)화장실:-/출입문 폭 84cm, 대변기~출입문 - 145cm / 대변기~ 정면 – 33cm /     대변기~벽 좌 – 26cm 우 - 95cm",주차장  -> 매표소 -> 공연장,,,"아리랑 공연 혼,연중무휴 / 매일 09시40분,11시,14시30분 3회공연,낙타 트래킹 체험,연중무휴 / 매일 09시 ~ 17시30분 수시운영","아리랑공연 혼 - 성인 20,000원/청소년 18,000원/소인 15,000원 낙타 트래킹 체험 - 15,000원",없음,없음,,,공연장입장시 계단이 있어 휠체어 이용인은 경사로를 이용 입장해야한다. 길이 5m 오르막경사 13도의 짧은구간 이지만 보조기기 이용인은 동행인의 도움이 필요할수 있다. 휠체어 전용 관람석은 없다.
제주자연생태공원,"편백나무, 삼나무, 상수리나무류 등이 우거진 숲. 편안히 산책할 수 있는 궁대오름을 기반으로 조성한 생태공원에서 보기 쉽지 않은 독수리가 있는 맹금류 관찰장, 노루가 뛰고 노는 관찰장, 우리나라에서 멸종위기의 보호 받는 반달가슴곰 등 보호하고 사육하는 모습을 관찰할 수 있다. 더불어 이 곳 지대에서 바로 보는 성산일출봉, 우도, 그리고 오름들은 멋진 장관을 이룬다. 아무래도 날씨에 따라 방문 주의가 필요하겠지만 오름의 억새를 보고자 한다면 가을에, 넓은 공원의 메밀밭과 유채꽃밭을 보고자 한다면 봄에 방문도 좋다. ",서귀포시 성산읍 금백조로 446,33.4401361,126.8237773,064-787-4711,생태공원 내의 무료 주차장 있으며 장애인주차구역 없으나 넓게 조성되어 있다. 전기충전기가 설치되어 있다.,"장애인 화장실: 있음, 구분: 남여구분, 위치: 해설대기소 건물, 주출입구 진입 전, 주변(대체)화장실:-/출입문 폭 83cm / 대변기~출입문 105cm / 대변기~우측 공간 27cm 좌 측공간 18cm","❶주차장 ~ ❷해설대기소 ~ ❸주출입구  ~ ❹맹금류 관찰장 ~ ❻온실 ~ ❼ 노루 관찰장 ~ ❽전망대 ~ ❾메밀밭•유채꽃밭 ~ 회귀 반환하여 관람 종료, ",,,"10:00 ~ 17:00,(연중무휴 / 입장마감 : 동절기 오후4시, 하절기 오후4시30분)",없음,없음,없음,,,오름 주변 공원이지만 접근성이 좋은 편이라 전망대까지 일부 오르막 경사구간을 제 한다면 비교적 관람이 수월하다. 노면 상태가 편평하게 소소한 턱 없이 조성이 잘 되어 있다.
제주항일기념관,"척박한 불모지, 예로부터 귀향지로 유명한 제주도에서 발생한 항일 독립운동에 관한 역사적 자료를 수집하여, 보존 전시함으로써 숭고한 희생을 한 선열들의 정신과 자주 독립정신을 발전하고 계승시키고, 후세에 올바른 역사의식과 애국정신 함양을 위한 곳이다. 새로이 최첨단 시설물들로 꾸며놔서, 조형물, 벽면의 부조, 디오라마, 매직비젼, 와이드 칼라, 복제 모형, 각종 종합 그래픽 등 표현이 가능한 방법을 동원하여, 보다 입체적으로 전시를 한 곳이다. 이해력이 부족한 어린아이들도 흥미를 느끼고, 볼 수 있는 곳으로 제주지역에서 발발한 항일운동의 역사적 사실을 쉽게 알 수 있으며, 특히 보고 듣고 입체적으로 전시관을 꾸며놨다.",제주 제주시 조천읍 신북로 303 일대,33.5416465,126.6427429,064-783-2008,장애인주차장의 주차면수는 2대 동쪽 주차장,"장애인 화장실: 있음, 구분: -, 위치: 동쪽 주차장 옆 외부화장실, 주변(대체)화장실:-/출입문 폭 93cm, 대/소변기~벽 74cm(좌), 31cm(우), 145cm(정면)",항일기념관 - 애국선열추모탑 - 절규상 – 함성상 - 창열사 - 주차장,,,"매  일 09:00 ~ 18:00 (입장마감은 17:00까지),휴관일 : 1월 1일, 설날연휴 (3일), 추석연휴 (3일)",없음,"수동휠체어:3, 유아차:3","자동제세동기:1, 전동휠체어 급속충전기:1, 승강기:1",,,"장애인주차장에서 기념관까지 바닥마감, 단차 등 불편함은 없다. 우수관 주변 노후로 1~2cm의 턱이 있어서 주의가 필요하며, 항일기념관까지 약 80m 정도 되는 구간이다. 점자블럭은 전시관 외부에서부터 1층 로비에 이르기까지 매우 잘 되어있다. 1, 2층 전시장 모든 입구에 2cm의 턱이 있다."
제주해양동물박물관,"바다는 고래와 상어 물고기, 게 등 약 30만 종의 다양한 생물들이 살고 있는 생명체의 보금자리이다. 제주해양동물박물관은 바다를 사랑하는 많은 사람들과 바다생명과의 공준의 가치를 함께 나눌 수 있는 해양동물 전문박물관으로 해양동물 약 800여종 10,000여점이 전시되어 있다. 대부분 실물을 박제해 두어 실물을 보는 듯 흥미롭고 돈슨트가 있어서 전시된 해양동물의 재미있는 스토리를 들을 수 있다. 읽고 느낄 수 있는 작고 알찬 박물관으로 생동감 있는 모습을 관찰할 수 있다. 프로그램이 다양하여 퀴즈풀이, 종이접기, 색칠공부등을 놀이처럼 즐길 수 있다.",제주특별자치도 서귀포시 성산읍 서성일로 689-21,33.4296617,126.8555492,064-794-0420,"정문에서 들어가면 주 출입구에 가깝다.,장애인 주차구역 2대","장애인 화장실: 있음, 구분: 남여구분, 위치: 매표소 뒷편, 주변(대체)화장실:-/폭 92cm/ 대변기~출입문 77cm/ 좌 96cm 우 32cm",주차장- 관람로 - (물고기 동선따라 관람)- 휠체어 접근성 어려움,,,매주 수요일 휴무 / 09:00~18:00,"일반 9,000원/ 청소년 8,000원 / 어린이 7,000원  / 가족 28,000원",없음,승강기:1,,,접근성이 좋아 관광약자 이용이 편리한 관광지 이다. 물고기 동선따라 관람.